# ID	FORM	LEMMA	UPOSTAG	XPOSTAG	FEATS	HEAD	DEPREL	DEPS	MISC
1621VALD_1_1	DIOS	None	_	None	_	_	_	_	origText=DIOS,baseForms=,wordLang=spa
1621VALD_1_2	ta	ta	_	DA	DA	_	_	_	origText=ta,baseForms=ta
1621VALD_1_3	ñi	ñi	_	PP	3	_	_	_	origText=ñi,baseForms=ñi
1621VALD_1_4	mùpin	mupiñ	_	AJ	nmlz	_	_	_	origText=mùpin,baseForms=mupi|(ü)n
1621VALD_1_5	dùgu	düngu	_	N	_	_	_	_	origText=dùgu,baseForms=düngu
1621VALD_1_6	(	(	PUNCT	PUNCT	_	_	_	_	_
1621VALD_1_7	inche	iñche	_	PN	1s	_	_	_	origText=inche,baseForms=iñche
1621VALD_1_8	ñi	ñi	_	PP	3	_	_	_	origText=ñi,baseForms=ñi
1621VALD_1_9	ayùñel	ayünel	_	None	nmlz|nmlz	_	_	_	origText=ayùñel,baseForms=ayü|(ü)n|el
1621VALD_1_10	pu	pu	_	PL	PL	_	_	_	origText=pu,baseForms=pu
1621VALD_1_11	peñiеmа	peñi	_	N	affect	_	_	_	origText=peñiеmа,baseForms=peñi|ema
1621VALD_1_12	)	)	PUNCT	PUNCT	_	_	_	_	_
1621VALD_1_13	cùpa	küpa	_	AUX	prefix	_	_	_	origText=cùpa,baseForms=küpa
1621VALD_1_14	gеnelаbіn	ngen	_	V	nmlz|nmlz|fut|dir3|ind1s	_	_	_	origText=gеnelаbіn,baseForms=nge|(ü)n|el|a|fi|(ü)n
1621VALD_1_15	,	,	PUNCT	PUNCT	_	_	_	_	_
1621VALD_1_16	рieуmn	pin	_	V	ind1-2p	_	_	_	origText=рieуmn,baseForms=pi|eymün
1621VALD_1_17	ta	ta	_	DA	DA	_	_	_	origText=ta,baseForms=ta
1621VALD_1_18	cùpan	küpan	_	V	ind1s	_	_	_	origText=cùpan,baseForms=küpa|(ü)n
1621VALD_1_19	.	.	PUNCT	PUNCT	_	_	_	_	_

1621VALD_2_1	Cùme	küme	_	AJ	_	_	_	_	origText=Cùme,baseForms=küme
1621VALD_2_2	gelu	ngelu	_	N	svn	_	_	_	origText=gelu,baseForms=nge|lu
1621VALD_2_3	ta	ta	_	DA	DA	_	_	_	origText=ta,baseForms=ta
1621VALD_2_4	quimbilmn	kimün	_	V	dir3|subj2p	_	_	_	origText=quimbilmn,baseForms=kim|fi|(ü)lmün
1621VALD_2_5	,	,	PUNCT	PUNCT	_	_	_	_	_
1621VALD_2_6	ayùbilmn	ayün	_	None	dir3|subj2p	_	_	_	origText=ayùbilmn,baseForms=ayü|fi|(ü)lmün
1621VALD_2_7	cay	kay	_	AV	_	_	_	_	origText=cay,baseForms=kay
1621VALD_2_8	,	,	PUNCT	PUNCT	_	_	_	_	_
1621VALD_2_9	vill	fill	_	AJ	_	_	_	_	origText=vill,baseForms=fill
1621VALD_2_10	ella	ella	_	AJ	_	_	_	_	origText=ella,baseForms=ella
1621VALD_2_11	que	ke	_	PL	p	_	_	_	origText=que,baseForms=ke
1621VALD_2_12	dugu	düngu	_	N	_	_	_	_	origText=dugu,baseForms=düngu
1621VALD_2_13	meu	mew	_	P	P	_	_	_	origText=meu,baseForms=mew
1621VALD_2_14	tamn	tamün	_	PP	2p	_	_	_	origText=tamn,baseForms=tamün
1621VALD_2_15	pllù	püllü	_	N	_	_	_	_	origText=pllù,baseForms=püllü
1621VALD_2_16	ta	ta	_	DA	DA	_	_	_	origText=ta,baseForms=ta
1621VALD_2_17	montuay	montun	_	V	fut|ind3	_	_	_	origText=montuay,baseForms=montu|a|iy
1621VALD_2_18	.	.	PUNCT	PUNCT	_	_	_	_	_

1621VALD_3_1	Allcùmollechi	allkün	_	V	imp1s-3/affirm	_	_	_	origText=Allcùmollechi,baseForms=allkù|mullechi
1621VALD_3_2	,	,	PUNCT	PUNCT	_	_	_	_	_
1621VALD_3_3	ta	ta	_	DA	DA	_	_	_	origText=ta,baseForms=ta
1621VALD_3_4	quimin	kimün	_	N	nmlz	_	_	_	origText=quimin,baseForms=kim|(ü)n
1621VALD_3_5	ta	ta	_	DA	DA	_	_	_	origText=ta,baseForms=ta
1621VALD_3_6	huenu	wenu	_	N	_	_	_	_	origText=huenu,baseForms=wenu
1621VALD_3_7	rùpù	rüpü	_	N	_	_	_	_	origText=rùpù,baseForms=rüpü
1621VALD_3_8	,	,	PUNCT	PUNCT	_	_	_	_	_
1621VALD_3_9	veytamn	feymün	_	PN	2p	_	_	_	origText=veytamn,baseForms=feymün
1621VALD_3_10	mogenllechi	mongen	_	V	nmlz|affirm|imp1s	_	_	_	origText=mogenllechi,baseForms=monge|(ü)n|lle|chi
1621VALD_3_11	.	.	PUNCT	PUNCT	_	_	_	_	_

1621VALD_4_1	Allcùgetuli	allkün	_	V	pass|rest|subj1s	_	_	_	origText=Allcùgetuli,baseForms=allkù|nge|tu|li
1621VALD_4_2	,	,	PUNCT	PUNCT	_	_	_	_	_
1621VALD_4_3	chem	chem	_	WH	particle	_	_	_	origText=chem,baseForms=chem
1621VALD_4_4	cam	kam	_	IP	particle	_	_	_	origText=cam,baseForms=kam
1621VALD_4_5	cùme	küme	_	AJ	_	_	_	_	origText=cùme,baseForms=küme
1621VALD_4_6	gelu	ngelu	_	N	svn	_	_	_	origText=gelu,baseForms=nge|lu
1621VALD_4_7	,	,	PUNCT	PUNCT	_	_	_	_	_
1621VALD_4_8	tamn	tamün	_	PP	2p	_	_	_	origText=tamn,baseForms=tamün
1621VALD_4_9	ynaytuael	inatuel	_	V	vb|fut|nmlz	_	_	_	origText=ynaytuael,baseForms=ina|tu|a|el
1621VALD_4_10	,	,	PUNCT	PUNCT	_	_	_	_	_
1621VALD_4_11	chem	chem	_	WH	particle	_	_	_	origText=chem,baseForms=chem
1621VALD_4_12	cam	kam	_	IP	particle	_	_	_	origText=cam,baseForms=kam
1621VALD_4_13	hueragelu	wedangelu	_	N	vb|nmlz	_	_	_	origText=hueragelu,baseForms=weda|nge|lu
1621VALD_4_14	tamn	tamün	_	PP	2p	_	_	_	origText=tamn,baseForms=tamün
1621VALD_4_15	ynaytunòael	inatuel	_	V	vb|neg|fut|nmlz	_	_	_	origText=ynaytunòael,baseForms=ina|tu|no|a|el
1621VALD_4_16	;	;	PUNCT	PUNCT	_	_	_	_	_
1621VALD_4_17	ta	ta	_	DA	DA	_	_	_	origText=ta,baseForms=ta
1621VALD_4_18	quimaymn	kimün	_	V	fut|ind2p	_	_	_	origText=quimaymn,baseForms=kim|a|imün
1621VALD_4_19	.	.	PUNCT	PUNCT	_	_	_	_	_

1765FEBR-1_1_1	Marimari	marimari	_	IJ	_	_	_	_	origText=Marimari,baseForms=marimari
1765FEBR-1_1_2	ca	ka	_	AV	_	_	_	_	origText=ca,baseForms=ka
1765FEBR-1_1_3	,	,	PUNCT	PUNCT	_	_	_	_	_
1765FEBR-1_1_4	nay	nay	_	N	_	_	_	_	origText=nay,baseForms=nay
1765FEBR-1_1_5	.	.	PUNCT	PUNCT	_	_	_	_	_

1765FEBR-1_2_1	Marimari	marimari	_	IJ	_	_	_	_	origText=Marimari,baseForms=marimari
1765FEBR-1_2_2	ca	ka	_	AV	_	_	_	_	origText=ca,baseForms=ka
1765FEBR-1_2_3	,	,	PUNCT	PUNCT	_	_	_	_	_
1765FEBR-1_2_4	nay	nay	_	N	_	_	_	_	origText=nay,baseForms=nay
1765FEBR-1_2_5	.	.	PUNCT	PUNCT	_	_	_	_	_

1765FEBR-1_3_1	Veylleve	feyllefe	_	N	D|affirm|agent	_	_	_	origText=Veylleve,baseForms=fey|lle|fe
1765FEBR-1_3_2	,	,	PUNCT	PUNCT	_	_	_	_	_
1765FEBR-1_3_3	Vachiyauymi	tüfachiyawn	_	V	DP|ind2s	_	_	_	origText=Vachiyauymi,baseForms=tüfachi|(ki)yaw|imi
1765FEBR-1_3_4	?	?	PUNCT	PUNCT	_	_	_	_	_

1765FEBR-1_4_1	May	may	_	AV	_	_	_	_	origText=May,baseForms=may
1765FEBR-1_4_2	,	,	PUNCT	PUNCT	_	_	_	_	_
1765FEBR-1_4_3	vachiyaun	tüfachiyawn	_	V	DP|ind1s	_	_	_	origText=vachiyaun,baseForms=tüfachi|(ki)yaw|(ü)n
1765FEBR-1_4_4	ca	ka	_	AV	_	_	_	_	origText=ca,baseForms=ka
1765FEBR-1_4_5	,	,	PUNCT	PUNCT	_	_	_	_	_
1765FEBR-1_4_6	peñi	peñi	_	N	_	_	_	_	origText=peñi,baseForms=peñi
1765FEBR-1_4_7	.	.	PUNCT	PUNCT	_	_	_	_	_

1765FEBR-1_5_1	Ca	ka	_	AV	_	_	_	_	origText=Ca,baseForms=ka
1765FEBR-1_5_2	mapu	mapu	_	N	_	_	_	_	origText=mapu,baseForms=mapu
1765FEBR-1_5_3	gepeymi	ngepen	_	V	px|ind2s	_	_	_	origText=gepeymi,baseForms=nge|pe|imi
1765FEBR-1_5_4	ta	ta	_	DA	DA	_	_	_	origText=ta,baseForms=ta
1765FEBR-1_5_5	tva	tüfa	_	DP	DP	_	_	_	origText=tva,baseForms=tüfa
1765FEBR-1_5_6	,	,	PUNCT	PUNCT	_	_	_	_	_
1765FEBR-1_5_7	inche	iñche	_	PN	1s	_	_	_	origText=inche,baseForms=iñche
1765FEBR-1_5_8	may	may	_	AV	_	_	_	_	origText=may,baseForms=may
1765FEBR-1_5_9	ta	ta	_	DA	DA	_	_	_	origText=ta,baseForms=ta
1765FEBR-1_5_10	pequelayu	pen	_	V	habit|neg|ind1s-2s	_	_	_	origText=pequelayu,baseForms=pe|ke|la|eyu
1765FEBR-1_5_11	vachi 	tüfachi	_	DP	DP	_	_	_	origText=vachi ,baseForms=tüfachi
1765FEBR-1_5_12	mapu	mapu	_	N	_	_	_	_	origText=mapu,baseForms=mapu
1765FEBR-1_5_13	meu	mew	_	P	P	_	_	_	origText=meu,baseForms=mew
1765FEBR-1_5_14	.	.	PUNCT	PUNCT	_	_	_	_	_

1765FEBR-1_6_1	Mupimi	mupin	_	V	ind2s	_	_	_	origText=Mupimi,baseForms=mupi|imi
1765FEBR-1_6_2	ca	ka	_	AV	_	_	_	_	origText=ca,baseForms=ka
1765FEBR-1_6_3	,	,	PUNCT	PUNCT	_	_	_	_	_
1765FEBR-1_6_4	nay	nay	_	N	_	_	_	_	origText=nay,baseForms=nay
1765FEBR-1_6_5	;	;	PUNCT	PUNCT	_	_	_	_	_
1765FEBR-1_6_6	ca	ka	_	AV	_	_	_	_	origText=ca,baseForms=ka
1765FEBR-1_6_7	mapu	mapu	_	N	_	_	_	_	origText=mapu,baseForms=mapu
1765FEBR-1_6_8	gen	ngen	_	V	ind1s	_	_	_	origText=gen,baseForms=nge|(ü)n
1765FEBR-1_6_9	inche	iñche	_	PN	1s	_	_	_	origText=inche,baseForms=iñche
1765FEBR-1_6_10	,	,	PUNCT	PUNCT	_	_	_	_	_
1765FEBR-1_6_11	veula	fewla	_	AV	_	_	_	_	origText=veula,baseForms=fewla
1765FEBR-1_6_12	ñi	ñi	_	PP	1	_	_	_	origText=ñi,baseForms=ñi
1765FEBR-1_6_13	conpan	konün	_	V	cis	_	_	_	origText=conpan,baseForms=kon|pa|(ü)n
1765FEBR-1_6_14	vachi	tüfachi	_	DP	DP	_	_	_	origText=vachi,baseForms=tüfachi
1765FEBR-1_6_15	mapu	mapu	_	N	_	_	_	_	origText=mapu,baseForms=mapu
1765FEBR-1_6_16	.	.	PUNCT	PUNCT	_	_	_	_	_

1765FEBR-2_1_1	Marimari	marimari	_	IJ	_	_	_	_	origText=Marimari,baseForms=marimari
1765FEBR-2_1_2	Señor	señor	_	None	_	_	_	_	origText=Señor,baseForms=,wordLang=spa
1765FEBR-2_1_3	Paye	paye	_	N	_	_	_	_	origText=Paye,baseForms=paye
1765FEBR-2_1_4	Millaleuvu	Millaleufu	_	NP	_	_	_	_	origText=Millaleuvu,baseForms=
1765FEBR-2_1_5	,	,	PUNCT	PUNCT	_	_	_	_	_
1765FEBR-2_1_6	*	*	PUNCT	PUNCT	_	_	_	_	_
1765FEBR-2_1_7	quiñe	kiñe	_	NUM	_	_	_	_	origText=quiñe,baseForms=kiñe
1765FEBR-2_1_8	tuayu	tun	_	V	ind1d	_	_	_	origText=tuayu,baseForms=None|a|iyu
1765FEBR-2_1_9	nemùl	n'emül	_	N	_	_	_	_	origText=nemùl,baseForms=n'emül
1765FEBR-2_1_10	ta	ta	_	DA	DA	_	_	_	origText=ta,baseForms=ta
1765FEBR-2_1_11	tva	tüfa	_	DP	DP	_	_	_	origText=tva,baseForms=tüfa
1765FEBR-2_1_12	,	,	PUNCT	PUNCT	_	_	_	_	_
1765FEBR-2_1_13	Señor	señor	_	None	_	_	_	_	origText=Señor,baseForms=,wordLang=spa
1765FEBR-2_1_14	Paye	paye	_	N	_	_	_	_	origText=Paye,baseForms=paye
1765FEBR-2_1_15	.	.	PUNCT	PUNCT	_	_	_	_	_

1765FEBR-2_2_1	Veyllechi	feyllechi	_	N	D|affirm|DA	_	_	_	origText=Veyllechi,baseForms=fey|lle|chi
1765FEBR-2_2_2	,	,	PUNCT	PUNCT	_	_	_	_	_
1765FEBR-2_2_3	Ancatemù	Ancatemu	_	NP	_	_	_	_	origText=Ancatemù,baseForms=
1765FEBR-2_2_4	.	.	PUNCT	PUNCT	_	_	_	_	_
1765FEBR-2_2_5	*	*	PUNCT	PUNCT	_	_	_	_	_

1765FEBR-2_3_1	Marimari	marimari	_	IJ	_	_	_	_	origText=Marimari,baseForms=marimari
1765FEBR-2_3_2	Señor	señor	_	None	_	_	_	_	origText=Señor,baseForms=,wordLang=spa
1765FEBR-2_3_3	Paye	paye	_	N	_	_	_	_	origText=Paye,baseForms=paye
1765FEBR-2_3_4	Millaleuvú	Millaleufü	_	NP	_	_	_	_	origText=Millaleuvú,baseForms=
1765FEBR-2_3_5	ga	nga	_	EP	particle	_	_	_	origText=ga,baseForms=nga
1765FEBR-2_3_6	,	,	PUNCT	PUNCT	_	_	_	_	_
1765FEBR-2_3_7	*	*	PUNCT	PUNCT	_	_	_	_	_
1765FEBR-2_3_8	acuy	akun	_	V	ind3	_	_	_	origText=acuy,baseForms=aku|iy
1765FEBR-2_3_9	deuma	dewma	_	AV	_	_	_	_	origText=deuma,baseForms=dewma
1765FEBR-2_3_10	ga	nga	_	EP	particle	_	_	_	origText=ga,baseForms=nga
1765FEBR-2_3_11	ñi	ñi	_	PP	1	_	_	_	origText=ñi,baseForms=ñi
1765FEBR-2_3_12	hue	we	_	AJ	_	_	_	_	origText=hue,baseForms=we
1765FEBR-2_3_13	Patiru	patiru	_	N	_	_	_	_	origText=Patiru,baseForms=patiru
1765FEBR-2_3_14	ga	nga	_	EP	particle	_	_	_	origText=ga,baseForms=nga
1765FEBR-2_3_15	,	,	PUNCT	PUNCT	_	_	_	_	_
1765FEBR-2_3_16	pigeymi	pin	_	V	pass|ind2s	_	_	_	origText=pigeymi,baseForms=pi|nge|imi
1765FEBR-2_3_17	ta	ta	_	DA	DA	_	_	_	origText=ta,baseForms=ta
1765FEBR-2_3_18	tva	tüfa	_	DP	DP	_	_	_	origText=tva,baseForms=tüfa
1765FEBR-2_3_19	*	*	PUNCT	PUNCT	_	_	_	_	_
1765FEBR-2_3_20	Marimari	marimari	_	IJ	_	_	_	_	origText=Marimari,baseForms=marimari
1765FEBR-2_3_21	ca	ka	_	AV	_	_	_	_	origText=ca,baseForms=ka
1765FEBR-2_3_22	Señor	señor	_	None	_	_	_	_	origText=Señor,baseForms=,wordLang=spa
1765FEBR-2_3_23	Paye	paye	_	N	_	_	_	_	origText=Paye,baseForms=paye
1765FEBR-2_3_24	ga	nga	_	EP	particle	_	_	_	origText=ga,baseForms=nga
1765FEBR-2_3_25	*	*	PUNCT	PUNCT	_	_	_	_	_
1765FEBR-2_3_26	Ea	eya	_	IJ	_	_	_	_	origText=Ea,baseForms=eya
1765FEBR-2_3_27	pramn	püran	_	V	imp2p	_	_	_	origText=pramn,baseForms=püra|mün
1765FEBR-2_3_28	cahuellu	kawellu	_	N	_	_	_	_	origText=cahuellu,baseForms=kawellu
1765FEBR-2_3_29	,	,	PUNCT	PUNCT	_	_	_	_	_
1765FEBR-2_3_30	Chao	chaw	_	N	_	_	_	_	origText=Chao,baseForms=chaw
1765FEBR-2_3_31	égn	engün	_	PN	3p	_	_	_	origText=égn,baseForms=engün
1765FEBR-2_3_32	,	,	PUNCT	PUNCT	_	_	_	_	_
1765FEBR-2_3_33	*	*	PUNCT	PUNCT	_	_	_	_	_
1765FEBR-2_3_34	pramn	püran	_	V	imp2p	_	_	_	origText=pramn,baseForms=püra|mün
1765FEBR-2_3_35	cahuellu	kawellu	_	N	_	_	_	_	origText=cahuellu,baseForms=kawellu
1765FEBR-2_3_36	,	,	PUNCT	PUNCT	_	_	_	_	_
1765FEBR-2_3_37	vochùm	fot'üm	_	N	_	_	_	_	origText=vochùm,baseForms=fot'üm
1765FEBR-2_3_38	égn	engün	_	PN	3p	_	_	_	origText=égn,baseForms=engün
1765FEBR-2_3_39	*	*	PUNCT	PUNCT	_	_	_	_	_
1765FEBR-2_3_40	ga	nga	_	EP	particle	_	_	_	origText=ga,baseForms=nga
1765FEBR-2_3_41	pivin	pin	_	V	dir3|ind1s	_	_	_	origText=pivin,baseForms=pi|fi|(ü)n
1765FEBR-2_3_42	ga	nga	_	EP	particle	_	_	_	origText=ga,baseForms=nga
1765FEBR-2_3_43	ñi	ñi	_	PP	1	_	_	_	origText=ñi,baseForms=ñi
1765FEBR-2_3_44	pichi	pichi	_	AJ	_	_	_	_	origText=pichi,baseForms=pichi
1765FEBR-2_3_45	ga	nga	_	EP	particle	_	_	_	origText=ga,baseForms=nga
1765FEBR-2_3_46	ñi	ñi	_	PP	1	_	_	_	origText=ñi,baseForms=ñi
1765FEBR-2_3_47	pu	pu	_	PL	PL	_	_	_	origText=pu,baseForms=pu
1765FEBR-2_3_48	Ghùlmén	ül'men	_	N	_	_	_	_	origText=Ghùlmén,baseForms=ül'men
1765FEBR-2_3_49	,	,	PUNCT	PUNCT	_	_	_	_	_
1765FEBR-2_3_50	*	*	PUNCT	PUNCT	_	_	_	_	_
1765FEBR-2_3_51	ga	nga	_	EP	particle	_	_	_	origText=ga,baseForms=nga
1765FEBR-2_3_52	ñi	ñi	_	PP	1	_	_	_	origText=ñi,baseForms=ñi
1765FEBR-2_3_53	pichi	pichi	_	AJ	_	_	_	_	origText=pichi,baseForms=pichi
1765FEBR-2_3_54	ga	nga	_	EP	particle	_	_	_	origText=ga,baseForms=nga
1765FEBR-2_3_55	ñi	ñi	_	PP	1	_	_	_	origText=ñi,baseForms=ñi
1765FEBR-2_3_56	pu	pu	_	PL	PL	_	_	_	origText=pu,baseForms=pu

1765FEBR-3_1_1	SAnta	santa	_	AJ	_	_	_	_	origText=SAnta,baseForms=,wordLang=spa
1765FEBR-3_1_2	Cruz	cruz	_	N	_	_	_	_	origText=Cruz,baseForms=,wordLang=spa
1765FEBR-3_1_3	*	*	PUNCT	PUNCT	_	_	_	_	_
1765FEBR-3_1_4	tañi	tañi	_	PP	1s	_	_	_	origText=tañi,baseForms=tañi
1765FEBR-3_1_5	gùnel	ngünel	_	N	nmlz	_	_	_	origText=gùnel,baseForms=ngüne|el
1765FEBR-3_1_6	meu	mew	_	P	P	_	_	_	origText=meu,baseForms=mew
1765FEBR-3_1_7	✠	✠	PUNCT	PUNCT	_	_	_	_	_
1765FEBR-3_1_8	*	*	PUNCT	PUNCT	_	_	_	_	_
1765FEBR-3_1_9	inchiñ	iñchiñ	_	PN	1p	_	_	_	origText=inchiñ,baseForms=iñchiñ
1765FEBR-3_1_10	taiñ	taiñ	_	PP	1p	_	_	_	origText=taiñ,baseForms=taiñ
1765FEBR-3_1_11	✠	✠	PUNCT	PUNCT	_	_	_	_	_
1765FEBR-3_1_12	*	*	PUNCT	PUNCT	_	_	_	_	_
1765FEBR-3_1_13	pu	pu	_	PL	PL	_	_	_	origText=pu,baseForms=pu
1765FEBR-3_1_14	cayñe	kayñe	_	N	_	_	_	_	origText=cayñe,baseForms=kayñe
1765FEBR-3_1_15	meu	mew	_	P	P	_	_	_	origText=meu,baseForms=mew
1765FEBR-3_1_16	*	*	PUNCT	PUNCT	_	_	_	_	_
1765FEBR-3_1_17	montulmoiñ	montun	_	V	cause|ind2-1p	_	_	_	origText=montulmoiñ,baseForms=montu|(ü)l|muiñ
1765FEBR-3_1_18	✠	✠	PUNCT	PUNCT	_	_	_	_	_
1765FEBR-3_1_19	*	*	PUNCT	PUNCT	_	_	_	_	_
1765FEBR-3_1_20	inchiñ	iñchiñ	_	PN	1p	_	_	_	origText=inchiñ,baseForms=iñchiñ
1765FEBR-3_1_21	taiñ	taiñ	_	PP	1p	_	_	_	origText=taiñ,baseForms=taiñ
1765FEBR-3_1_22	Señor	señor	_	N	_	_	_	_	origText=Señor,baseForms=,wordLang=spa
1765FEBR-3_1_23	Dios	Dios	_	N	_	_	_	_	origText=Dios,baseForms=,wordLang=spa
1765FEBR-3_1_24	.	.	PUNCT	PUNCT	_	_	_	_	_

1765FEBR-3_2_1	*	*	PUNCT	PUNCT	_	_	_	_	_
1765FEBR-3_2_2	Chao	chaw	_	N	_	_	_	_	origText=Chao,baseForms=chaw
1765FEBR-3_2_3	,	,	PUNCT	PUNCT	_	_	_	_	_
1765FEBR-3_2_4	*	*	PUNCT	PUNCT	_	_	_	_	_
1765FEBR-3_2_5	Votùm	fot'üm	_	N	_	_	_	_	origText=Votùm,baseForms=fot'üm
1765FEBR-3_2_6	cay	kay	_	AV	_	_	_	_	origText=cay,baseForms=kay
1765FEBR-3_2_7	,	,	PUNCT	PUNCT	_	_	_	_	_
1765FEBR-3_2_8	✠	✠	PUNCT	PUNCT	_	_	_	_	_
1765FEBR-3_2_9	*	*	PUNCT	PUNCT	_	_	_	_	_
1765FEBR-3_2_10	Espiritu	espíritu	_	N	_	_	_	_	origText=Espiritu,baseForms=,wordLang=spa
1765FEBR-3_2_11	Santo	santo	_	AJ	_	_	_	_	origText=Santo,baseForms=,wordLang=spa
1765FEBR-3_2_12	cay	kay	_	AV	_	_	_	_	origText=cay,baseForms=kay
1765FEBR-3_2_13	*	*	PUNCT	PUNCT	_	_	_	_	_
1765FEBR-3_2_14	tañi	tañi	_	PP	1s	_	_	_	origText=tañi,baseForms=tañi
1765FEBR-3_2_15	ghùy	üy	_	N	_	_	_	_	origText=ghùy,baseForms=üy
1765FEBR-3_2_16	meu	mew	_	P	P	_	_	_	origText=meu,baseForms=mew
1765FEBR-3_2_17	.	.	PUNCT	PUNCT	_	_	_	_	_

1765FEBR-3_3_1	INchiñ	iñchiñ	_	PN	1p	_	_	_	origText=INchiñ,baseForms=iñchiñ
1765FEBR-3_3_2	taiñ	taiñ	_	PP	1p	_	_	_	origText=taiñ,baseForms=taiñ
1765FEBR-3_3_3	Chao	chaw	_	N	_	_	_	_	origText=Chao,baseForms=chaw
1765FEBR-3_3_4	,	,	PUNCT	PUNCT	_	_	_	_	_
1765FEBR-3_3_5	*	*	PUNCT	PUNCT	_	_	_	_	_
1765FEBR-3_3_6	huenu	wenu	_	N	_	_	_	_	origText=huenu,baseForms=wenu
1765FEBR-3_3_7	meu	mew	_	P	P	_	_	_	origText=meu,baseForms=mew
1765FEBR-3_3_8	ta	ta	_	DA	DA	_	_	_	origText=ta,baseForms=ta
1765FEBR-3_3_9	mleymi	mülen	_	V	ind2s	_	_	_	origText=mleymi,baseForms=müle|imi
1765FEBR-3_3_10	:	:	PUNCT	PUNCT	_	_	_	_	_
1765FEBR-3_3_11	*	*	PUNCT	PUNCT	_	_	_	_	_
1765FEBR-3_3_12	uvchigepe	ufchin	_	V	pass|imp3	_	_	_	origText=uvchigepe,baseForms=ufchi|nge|pe
1765FEBR-3_3_13	tami	tami	_	PP	2s	_	_	_	origText=tami,baseForms=tami
1765FEBR-3_3_14	ghùy	üy	_	N	_	_	_	_	origText=ghùy,baseForms=üy
1765FEBR-3_3_15	:	:	PUNCT	PUNCT	_	_	_	_	_
1765FEBR-3_3_16	*	*	PUNCT	PUNCT	_	_	_	_	_
1765FEBR-3_3_17	eymi	eymi	_	PN	2s	_	_	_	origText=eymi,baseForms=eymi
1765FEBR-3_3_18	tami	tami	_	PP	2s	_	_	_	origText=tami,baseForms=tami
1765FEBR-3_3_19	reyno	reyno	_	N	_	_	_	_	origText=reyno,baseForms=,wordLang=spa
1765FEBR-3_3_20	*	*	PUNCT	PUNCT	_	_	_	_	_
1765FEBR-3_3_21	inchiñ	iñchiñ	_	PN	1p	_	_	_	origText=inchiñ,baseForms=iñchiñ
1765FEBR-3_3_22	meu	mew	_	P	P	_	_	_	origText=meu,baseForms=mew
1765FEBR-3_3_23	cùpape	küpan	_	V	imp3	_	_	_	origText=cùpape,baseForms=küpa|pe
1765FEBR-3_3_24	:	:	PUNCT	PUNCT	_	_	_	_	_
1765FEBR-3_3_25	*	*	PUNCT	PUNCT	_	_	_	_	_
1765FEBR-3_3_26	chumgechi	chumngechi	_	AV	_	_	_	_	origText=chumgechi,baseForms=chumngechi
1765FEBR-3_3_27	tami	tami	_	PP	2s	_	_	_	origText=tami,baseForms=tami
1765FEBR-3_3_28	piel	piel	_	N	nmlz	_	_	_	origText=piel,baseForms=pi|el
1765FEBR-3_3_29	*	*	PUNCT	PUNCT	_	_	_	_	_
1765FEBR-3_3_30	vemgquey	femngen	_	V	habit|ind3	_	_	_	origText=vemgquey,baseForms=femnge|ke|iy
1765FEBR-3_3_31	ta	ta	_	DA	DA	_	_	_	origText=ta,baseForms=ta
1765FEBR-3_3_32	*	*	PUNCT	PUNCT	_	_	_	_	_
1765FEBR-3_3_33	huenu	wenu	_	N	_	_	_	_	origText=huenu,baseForms=wenu

1897LENZ-10_1_1	ŊƏT’AMKAN	nürtamkan	_	N	nmlz	_	_	_	origText=ŊƏT’AMKAN,baseForms=nütramka|(ü)n
1897LENZ-10_1_2	ÑIWIŊEN	ñiwiñngen	_	N	pass|nmlz	_	_	_	origText=ÑIWIŊEN,baseForms=ñiwiñ|nge|(ü)n

1897LENZ-10_2_1	Veimeu	feymew	_	AV	_	_	_	_	origText=Veimeu,baseForms=feymew
1897LENZ-10_2_2	ŋət’amkayaayu	nütramkan	_	V	fut|ind1d	_	_	_	origText=ŋət’amkayaayu,baseForms=nütramka|a|iyu
1897LENZ-10_2_3	tva	tüfa	_	DP	DP	_	_	_	origText=tva,baseForms=tüfa
1897LENZ-10_2_4	,	,	PUNCT	PUNCT	_	_	_	_	_
1897LENZ-10_2_5	anei	anay	_	EP	_	_	_	_	origText=anei,baseForms=anay
1897LENZ-10_2_6	,	,	PUNCT	PUNCT	_	_	_	_	_
1897LENZ-10_2_7	chumleken	chumlen	_	AV	vb|habit|nmlz	_	_	_	origText=chumleken,baseForms=chum|le|ke|n
1897LENZ-10_2_8	ñiwiŋen	ñiwiñngen	_	N	pass|nmlz	_	_	_	origText=ñiwiŋen,baseForms=ñiwiñ|nge|(ü)n
1897LENZ-10_2_9	pu	pu	_	PL	PL	_	_	_	origText=pu,baseForms=pu
1897LENZ-10_2_10	mapuche	mapuche	_	CN	_	_	_	_	origText=mapuche,baseForms=mapu|che
1897LENZ-10_2_11	.	.	PUNCT	PUNCT	_	_	_	_	_

1897LENZ-10_3_1	Aŋküyem	angküyem	_	AJ	ex	_	_	_	origText=Aŋküyem,baseForms=angkü|(y)em
1897LENZ-10_3_2	tukun	tükun	_	N	nmlz	_	_	_	origText=tukun,baseForms=tüku|(ü)n
1897LENZ-10_3_3	:	:	PUNCT	PUNCT	_	_	_	_	_
1897LENZ-10_3_4	veimeu	feymew	_	AV	_	_	_	_	origText=veimeu,baseForms=feymew
1897LENZ-10_3_5	nielu	nielu	_	N	svn	_	_	_	origText=nielu,baseForms=nie|lu
1897LENZ-10_3_6	kachiʎa	kachilla	_	N	_	_	_	_	origText=kachiʎa,baseForms=kachilla
1897LENZ-10_3_7	,	,	PUNCT	PUNCT	_	_	_	_	_
1897LENZ-10_3_8	kaweʎa	kawella	_	N	_	_	_	_	origText=kaweʎa,baseForms=kawella
1897LENZ-10_3_9	wichachekei	wichan	_	V	habit|ind3	_	_	_	origText=wichachekei,baseForms=wicha|che|ke|iy
1897LENZ-10_3_10	;	;	PUNCT	PUNCT	_	_	_	_	_
1897LENZ-10_3_11	wichakeví	wichan	_	V	habit|3dir|ind3	_	_	_	origText=wichakeví,baseForms=wicha|ke|fi|iy
1897LENZ-10_3_12	pu	pu	_	PL	PL	_	_	_	origText=pu,baseForms=pu
1897LENZ-10_3_13	domo	domo	_	N	_	_	_	_	origText=domo,baseForms=domo
1897LENZ-10_3_14	suchealu	suchelu	_	N	fut|svn	_	_	_	origText=suchealu,baseForms=suche|a|lu
1897LENZ-10_3_15	.	.	PUNCT	PUNCT	_	_	_	_	_

1897LENZ-1_1_1	Kiñechi	kiñechi	_	AV	DA	_	_	_	origText=Kiñechi,baseForms=kiñe|chi
1897LENZ-1_1_2	mai	may	_	AV	_	_	_	_	origText=mai,baseForms=may
1897LENZ-1_1_3	miáumen	miawün	_	V	and|ind1s	_	_	_	origText=miáumen,baseForms=miaw|mee|(ü)n
1897LENZ-1_1_4	waizǘf	waydüf	_	AJ	_	_	_	_	origText=waizǘf,baseForms=waydüf
1897LENZ-1_1_5	mápu	mapu	_	N	_	_	_	_	origText=mápu,baseForms=mapu
1897LENZ-1_1_6	;	;	PUNCT	PUNCT	_	_	_	_	_
1897LENZ-1_1_7	yen	yen	_	V	ind1s	_	_	_	origText=yen,baseForms=(ü)n
1897LENZ-1_1_8	mai	may	_	AV	_	_	_	_	origText=mai,baseForms=may
1897LENZ-1_1_9	epu	epu	_	NUM	_	_	_	_	origText=epu,baseForms=epu
1897LENZ-1_1_10	kárqa	karqa	_	N	_	_	_	_	origText=kárqa,baseForms=karqa
1897LENZ-1_1_11	pülku	pülku	_	N	_	_	_	_	origText=pülku,baseForms=pülku
1897LENZ-1_1_12	awardiénte	awardiente	_	N	_	_	_	_	origText=awardiénte,baseForms=awardiente
1897LENZ-1_1_13	.	.	PUNCT	PUNCT	_	_	_	_	_

1897LENZ-1_2_1	Amóyen	amun	_	V	pl|ind1s	_	_	_	origText=Amóyen,baseForms=amu|ye|(ü)n
1897LENZ-1_2_2	küla	küla	_	NUM	_	_	_	_	origText=küla,baseForms=küla
1897LENZ-1_2_3	wént’u	wentru	_	N	_	_	_	_	origText=wént’u,baseForms=wentru
1897LENZ-1_2_4	;	;	PUNCT	PUNCT	_	_	_	_	_
1897LENZ-1_2_5	epu	epu	_	NUM	_	_	_	_	origText=epu,baseForms=epu
1897LENZ-1_2_6	kárqa	karqa	_	N	_	_	_	_	origText=kárqa,baseForms=karqa
1897LENZ-1_2_7	ma	may	_	AV	_	_	_	_	origText=ma,baseForms=may
1897LENZ-1_2_8	-	-	PUNCT	PUNCT	_	_	_	_	_
1897LENZ-1_2_9	yén	yen	_	V	ind1s	_	_	_	origText=yén,baseForms=(Ü)n
1897LENZ-1_2_10	,	,	PUNCT	PUNCT	_	_	_	_	_
1897LENZ-1_2_11	épu	epu	_	NUM	_	_	_	_	origText=épu,baseForms=epu
1897LENZ-1_2_12	kaweʎu	kawellu	_	N	_	_	_	_	origText=kaweʎu,baseForms=kawellu
1897LENZ-1_2_13	ka	kay	_	AV	_	_	_	_	origText=ka,baseForms=kay
1897LENZ-1_2_14	-	-	PUNCT	PUNCT	_	_	_	_	_
1897LENZ-1_2_15	yen	yen	_	V	ind1s	_	_	_	origText=yen,baseForms=(Ü)n
1897LENZ-1_2_16	:	:	PUNCT	PUNCT	_	_	_	_	_
1897LENZ-1_2_17	épu	epu	_	NUM	_	_	_	_	origText=épu,baseForms=epu
1897LENZ-1_2_18	nel	nel'	_	AJ	_	_	_	_	origText=nel,baseForms=nel'
1897LENZ-1_2_19	kawéʎu	kawellu	_	N	_	_	_	_	origText=kawéʎu,baseForms=kawellu
1897LENZ-1_2_20	ka	kay	_	AV	_	_	_	_	origText=ka,baseForms=kay
1897LENZ-1_2_21	-	-	PUNCT	PUNCT	_	_	_	_	_
1897LENZ-1_2_22	yén	yen	_	V	ind1s	_	_	_	origText=yén,baseForms=(Ü)n
1897LENZ-1_2_23	.	.	PUNCT	PUNCT	_	_	_	_	_

1897LENZ-1_3_1	Kiñe	kiñe	_	NUM	_	_	_	_	origText=Kiñe,baseForms=kiñe
1897LENZ-1_3_2	ántə	antü	_	N	_	_	_	_	origText=ántə,baseForms=antü
1897LENZ-1_3_3	yei	yen	_	V	ind3	_	_	_	origText=yei,baseForms=iy
1897LENZ-1_3_4	chi	chi	_	DA	DA	_	_	_	origText=chi,baseForms=chi
1897LENZ-1_3_5	yewǘn	yewün	_	N	reflex|nmlz	_	_	_	origText=yewǘn,baseForms=ye|(u)w|(ü)n
1897LENZ-1_3_6	chi	chi	_	DA	DA	_	_	_	origText=chi,baseForms=chi
1897LENZ-1_3_7	épu	epu	_	NUM	_	_	_	_	origText=épu,baseForms=epu
1897LENZ-1_3_8	kawéʎu	kawellu	_	N	_	_	_	_	origText=kawéʎu,baseForms=kawellu
1897LENZ-1_3_9	,	,	PUNCT	PUNCT	_	_	_	_	_
1897LENZ-1_3_10	k	kay	_	AV	_	_	_	_	origText=k,baseForms=kay
1897LENZ-1_3_11	ántə	antü	_	N	_	_	_	_	origText=ántə,baseForms=antü
1897LENZ-1_3_12	-	-	PUNCT	PUNCT	_	_	_	_	_
1897LENZ-1_3_13	mo	mew	_	P	P	_	_	_	origText=mo,baseForms=mew
1897LENZ-1_3_14	chíʎaŋei	chillan	_	V	pass|ind3	_	_	_	origText=chíʎaŋei,baseForms=chilla|nge|iy
1897LENZ-1_3_15	chi	chi	_	DA	DA	_	_	_	origText=chi,baseForms=chi
1897LENZ-1_3_16	nel	nel'	_	AJ	_	_	_	_	origText=nel,baseForms=nel'
1897LENZ-1_3_17	kawéʎu	kawellu	_	N	_	_	_	_	origText=kawéʎu,baseForms=kawellu
1897LENZ-1_3_18	;	;	PUNCT	PUNCT	_	_	_	_	_
1897LENZ-1_3_19	təkulélŋei	tükun	_	V	appl|pass|ind3	_	_	_	origText=təkulélŋei,baseForms=tüku|(l)el|nge|iy
1897LENZ-1_3_20	yewǘn	yewün	_	N	reflex|nmlz	_	_	_	origText=yewǘn,baseForms=ye|(u)w|(ü)n
1897LENZ-1_3_21	.	.	PUNCT	PUNCT	_	_	_	_	_

1897LENZ-2_1_1	Təfámu	tüfamew	_	AV	_	_	_	_	origText=Təfámu,baseForms=tüfamew
1897LENZ-2_1_2	pétu	petu	_	AV	particle	_	_	_	origText=pétu,baseForms=petu
1897LENZ-2_1_3	métəmŋéimi	mütrümün	_	V	pass|ind2s	_	_	_	origText=métəmŋéimi,baseForms=mütrüm|nge|imi
1897LENZ-2_1_4	.	.	PUNCT	PUNCT	_	_	_	_	_

1897LENZ-2_2_1	Kəpáŋe	küpan	_	V	imp2s	_	_	_	origText=Kəpáŋe,baseForms=küpa|nge
1897LENZ-2_2_2	təfámu	tüfamew	_	AV	_	_	_	_	origText=təfámu,baseForms=tüfamew
1897LENZ-2_2_3	;	;	PUNCT	PUNCT	_	_	_	_	_
1897LENZ-2_2_4	konpaŋé	konün	_	V	cis|imp2s	_	_	_	origText=konpaŋé,baseForms=kon|pa|nge
1897LENZ-2_2_5	s'uká	ruka	_	N	_	_	_	_	origText=s'uká,baseForms=ruka
1897LENZ-2_2_6	-	-	PUNCT	PUNCT	_	_	_	_	_
1897LENZ-2_2_7	mo	mew	_	P	P	_	_	_	origText=mo,baseForms=mew
1897LENZ-2_2_8	.	.	PUNCT	PUNCT	_	_	_	_	_

1897LENZ-2_3_1	Wekun	wekun	_	AV	_	_	_	_	origText=Wekun,baseForms=wekun
1897LENZ-2_3_2	kiñe	kiñe	_	NUM	_	_	_	_	origText=kiñe,baseForms=kiñe
1897LENZ-2_3_3	məl'i	mülen	_	V	ind3	_	_	_	origText=məl'i,baseForms=müle|iy
1897LENZ-2_3_4	went’u	wentru	_	N	_	_	_	_	origText=went’u,baseForms=wentru
1897LENZ-2_3_5	(	(	PUNCT	PUNCT	_	_	_	_	_
1897LENZ-2_3_6	mal'qén	mal'en	_	N	_	_	_	_	origText=mal'qén,baseForms=mal'en
1897LENZ-2_3_7	,	,	PUNCT	PUNCT	_	_	_	_	_
1897LENZ-2_3_8	wüt'an	witran	_	N	_	_	_	_	origText=wüt'an,baseForms=witra
1897LENZ-2_3_9	)	)	PUNCT	PUNCT	_	_	_	_	_

1897LENZ-2_4_1	Pémefíŋe	pen	_	V	room|and|3dir|imp2s	_	_	_	origText=Pémefíŋe,baseForms=pe|me|fi|nge
1897LENZ-2_4_2	;	;	PUNCT	PUNCT	_	_	_	_	_
1897LENZ-2_4_3	züŋumefíŋe	düngun	_	V	and|3dir|imp2s	_	_	_	origText=züŋumefíŋe,baseForms=düngu|me|fi|nge
1897LENZ-2_4_4	wüt'an	witran	_	N	_	_	_	_	origText=wüt'an,baseForms=witra
1897LENZ-2_4_5	;	;	PUNCT	PUNCT	_	_	_	_	_
1897LENZ-2_4_6	wekun	wekun	_	AV	_	_	_	_	origText=wekun,baseForms=wekun
1897LENZ-2_4_7	məl'ei	mülen	_	V	ind3	_	_	_	origText=məl'ei,baseForms=müle|iy
1897LENZ-2_4_8	chi	chi	_	DA	DA	_	_	_	origText=chi,baseForms=chi
1897LENZ-2_4_9	wüt'an	witran	_	N	_	_	_	_	origText=wüt'an,baseForms=witra
1897LENZ-2_4_10	;	;	PUNCT	PUNCT	_	_	_	_	_
1897LENZ-2_4_11	petu	petu	_	AV	particle	_	_	_	origText=petu,baseForms=petu
1897LENZ-2_4_12	mət'umeimo	mütrümün	_	V	ind3-2s	_	_	_	origText=mət'umeimo,baseForms=mütrüm|eymew
1897LENZ-2_4_13	.	.	PUNCT	PUNCT	_	_	_	_	_

1897LENZ-3_1_1	Petu	petu	_	AV	particle	_	_	_	origText=Petu,baseForms=petu
1897LENZ-3_1_2	mətü´mŋéimi	mütrümün	_	V	pass|ind2s	_	_	_	origText=mətü´mŋéimi,baseForms=mütrüm|nge|imi
1897LENZ-3_1_3	;	;	PUNCT	PUNCT	_	_	_	_	_
1897LENZ-3_1_4	wit’apuŋé	witran	_	V	imp2s	_	_	_	origText=wit’apuŋé,baseForms=witra|pu|nge
1897LENZ-3_1_5	ulŋín	wülngiñ	_	N	_	_	_	_	origText=ulŋín,baseForms=
1897LENZ-3_1_6	-	-	PUNCT	PUNCT	_	_	_	_	_
1897LENZ-3_1_7	mu	mew	_	P	P	_	_	_	origText=mu,baseForms=mew
1897LENZ-3_1_8	;	;	PUNCT	PUNCT	_	_	_	_	_
1897LENZ-3_1_9	inéi	iney	_	WH	particle	_	_	_	origText=inéi,baseForms=iney
1897LENZ-3_1_10	məlei	mülen	_	V	ind3	_	_	_	origText=məlei,baseForms=müle|iy
1897LENZ-3_1_11	wekun	wekun	_	AV	_	_	_	_	origText=wekun,baseForms=wekun
1897LENZ-3_1_12	.	.	PUNCT	PUNCT	_	_	_	_	_

1897LENZ-3_2_1	Kiñe	kiñe	_	NUM	_	_	_	_	origText=Kiñe,baseForms=kiñe
1897LENZ-3_2_2	went’u	wentru	_	N	_	_	_	_	origText=went’u,baseForms=wentru
1897LENZ-3_2_3	"	"	PUNCT	PUNCT	_	_	_	_	_
1897LENZ-3_2_4	peavin	pen	_	V	fut|ind1s	_	_	_	origText=peavin,baseForms=pe|a|fi|(ü)n
1897LENZ-3_2_5	"	"	PUNCT	PUNCT	_	_	_	_	_
1897LENZ-3_2_6	pieimeu	pin	_	V	ind3-2s	_	_	_	origText=pieimeu,baseForms=pi|eymew
1897LENZ-3_2_7	.	.	PUNCT	PUNCT	_	_	_	_	_

1897LENZ-3_3_1	Iní	iney	_	WH	particle	_	_	_	origText=Iní,baseForms=iney
1897LENZ-3_3_2	piŋími	pin	_	V	pass	_	_	_	origText=piŋími,baseForms=pi|nge|ind2s
1897LENZ-3_3_3	ta	ta	_	DA	DA	_	_	_	origText=ta,baseForms=ta
1897LENZ-3_3_4	mi	mi	_	PP	2s	_	_	_	origText=mi,baseForms=mi
1897LENZ-3_3_5	qüi	üy	_	N	_	_	_	_	origText=qüi,baseForms=üy
1897LENZ-3_3_6	,	,	PUNCT	PUNCT	_	_	_	_	_
1897LENZ-3_3_7	chem	chem	_	WH	particle	_	_	_	origText=chem,baseForms=chem
1897LENZ-3_3_8	düŋu	düngu	_	N	_	_	_	_	origText=düŋu,baseForms=düngu
1897LENZ-3_3_9	miáuimi	miawün	_	V	ind2s	_	_	_	origText=miáuimi,baseForms=miaw|imi
1897LENZ-3_3_10	,	,	PUNCT	PUNCT	_	_	_	_	_
1897LENZ-3_3_11	piviŋe	pin	_	V	3dir|imp2s	_	_	_	origText=piviŋe,baseForms=pi|fi|nge
1897LENZ-3_3_12	.	.	PUNCT	PUNCT	_	_	_	_	_

1897LENZ-4_1_1	Ámoléyo	amun	_	V	prog|ind1d	_	_	_	origText=Ámoléyo,baseForms=amu|(kü)le|iyu
1897LENZ-4_1_2	,	,	PUNCT	PUNCT	_	_	_	_	_
1897LENZ-4_1_3	ámoléyu	amun	_	V	prog|ind1d	_	_	_	origText=ámoléyu,baseForms=amu|(kü)le|iyu
1897LENZ-4_1_4	,	,	PUNCT	PUNCT	_	_	_	_	_
1897LENZ-4_1_5	cháchan	chachan	_	N	_	_	_	_	origText=cháchan,baseForms=chachan
1897LENZ-4_1_6	.	.	PUNCT	PUNCT	_	_	_	_	_

1897LENZ-4_2_1	¿	¿	PUNCT	PUNCT	_	_	_	_	_
1897LENZ-4_2_2	Chém	chem	_	WH	particle	_	_	_	origText=Chém,baseForms=chem
1897LENZ-4_2_3	anta	anta	_	IP	_	_	_	_	origText=anta,baseForms=anta
1897LENZ-4_2_4	pəño-pevími	püñon	_	V	px|3dir|ind2s	_	_	_	origText=pəño-pevími,baseForms=püño|pe|fi|imi
1897LENZ-4_2_5	,	,	PUNCT	PUNCT	_	_	_	_	_
1897LENZ-4_2_6	cháchan	chachan	_	N	_	_	_	_	origText=cháchan,baseForms=chachan
1897LENZ-4_2_7	?	?	PUNCT	PUNCT	_	_	_	_	_

1897LENZ-4_3_1	¿	¿	PUNCT	PUNCT	_	_	_	_	_
1897LENZ-4_3_2	Kaweʎa	kawella	_	N	_	_	_	_	origText=Kaweʎa,baseForms=kawella
1897LENZ-4_3_3	anchi	anta	_	IP	_	_	_	_	origText=anchi,baseForms=anta
1897LENZ-4_3_4	pəño-pevími	püñon	_	V	px|3dir|ind2s	_	_	_	origText=pəño-pevími,baseForms=püño|pe|fi|imi
1897LENZ-4_3_5	,	,	PUNCT	PUNCT	_	_	_	_	_
1897LENZ-4_3_6	chachan	chachan	_	N	_	_	_	_	origText=chachan,baseForms=chachan
1897LENZ-4_3_7	?	?	PUNCT	PUNCT	_	_	_	_	_

1897LENZ-4_4_1	Famkakefun	famün	_	V	cont|habit|bi|ind1s	_	_	_	origText=Famkakefun,baseForms=fam|ka|ke|fu|(ü)n
1897LENZ-4_4_2	tañi	tañi	_	PP	1s	_	_	_	origText=tañi,baseForms=tañi
1897LENZ-4_4_3	pəñoyəm	püñon	_	V	temp	_	_	_	origText=pəñoyəm,baseForms=püño|yüm
1897LENZ-4_4_4	tañi	tañi	_	PP	1s	_	_	_	origText=tañi,baseForms=tañi
1897LENZ-4_4_5	kaweʎá	kawella	_	N	_	_	_	_	origText=kaweʎá,baseForms=kawella
1897LENZ-4_4_6	,	,	PUNCT	PUNCT	_	_	_	_	_
1897LENZ-4_4_7	ñi	ñi	_	PP	3	_	_	_	origText=ñi,baseForms=ñi
1897LENZ-4_4_8	chacha	chachan	_	N	_	_	_	_	origText=chacha,baseForms=chachan
1897LENZ-4_4_9	y	y	PUNCT	PUNCT	_	_	_	_	_
1897LENZ-4_4_10	e	e	PUNCT	PUNCT	_	_	_	_	_
1897LENZ-4_4_11	m	m	PUNCT	PUNCT	_	_	_	_	_
1897LENZ-4_4_12	.	.	PUNCT	PUNCT	_	_	_	_	_

1897LENZ-4_5_1	T’ekaleŋe	trekan	_	V	prog|imp2s	_	_	_	origText=T’ekaleŋe,baseForms=treka|(kü)le|nge
1897LENZ-4_5_2	,	,	PUNCT	PUNCT	_	_	_	_	_
1897LENZ-4_5_3	chachan	chachan	_	N	_	_	_	_	origText=chachan,baseForms=chachan
1897LENZ-4_5_4	,	,	PUNCT	PUNCT	_	_	_	_	_
1897LENZ-4_5_5	amoleŋe	amun	_	V	prog|imp2s	_	_	_	origText=amoleŋe,baseForms=amu|(kü)le|nge
1897LENZ-4_5_6	;	;	PUNCT	PUNCT	_	_	_	_	_
1897LENZ-4_5_7	Təvei	tüfeychi	_	DP	DP	_	_	_	origText=Təvei,baseForms=tüfeychi
1897LENZ-4_5_8	,	,	PUNCT	PUNCT	_	_	_	_	_
1897LENZ-4_5_9	təvei	tüfeychi	_	DP	DP	_	_	_	origText=təvei,baseForms=tüfeychi
1897LENZ-4_5_10	,	,	PUNCT	PUNCT	_	_	_	_	_
1897LENZ-4_5_11	chachan	chachan	_	N	_	_	_	_	origText=chachan,baseForms=chachan
1897LENZ-4_5_12	.	.	PUNCT	PUNCT	_	_	_	_	_

1897LENZ-4_6_1	Təvei	tüfeychi	_	DP	DP	_	_	_	origText=Təvei,baseForms=tüfeychi
1897LENZ-4_6_2	,	,	PUNCT	PUNCT	_	_	_	_	_
1897LENZ-4_6_3	təvei	tüfeychi	_	DP	DP	_	_	_	origText=təvei,baseForms=tüfeychi
1897LENZ-4_6_4	,	,	PUNCT	PUNCT	_	_	_	_	_
1897LENZ-4_6_5	amuleŋe	amun	_	V	prog|imp2s	_	_	_	origText=amuleŋe,baseForms=amu|(kü)le|nge
1897LENZ-4_6_6	,	,	PUNCT	PUNCT	_	_	_	_	_
1897LENZ-4_6_7	chachan	chachan	_	N	_	_	_	_	origText=chachan,baseForms=chachan
1897LENZ-4_6_8	.	.	PUNCT	PUNCT	_	_	_	_	_

1897LENZ-4_7_1	Tikeqelmu	tiken	_	V	ind3-2	_	_	_	origText=Tikeqelmu,baseForms=tike|elmew
1897LENZ-4_7_2	məta	müta	_	N	_	_	_	_	origText=məta,baseForms=müta
1897LENZ-4_7_3	waka	waka	_	N	_	_	_	_	origText=waka,baseForms=waka
1897LENZ-4_7_4	təv’e	tüfa	_	DP	DP	_	_	_	origText=təv’e,baseForms=tüfa
1897LENZ-4_7_5	Repəlekeqelmu	repülen	_	V	vb|habit|ind3-2	_	_	_	origText=Repəlekeqelmu,baseForms=repü|le|ke|elmew
1897LENZ-4_7_6	,	,	PUNCT	PUNCT	_	_	_	_	_
1897LENZ-4_7_7	chachan	chachan	_	N	_	_	_	_	origText=chachan,baseForms=chachan
1897LENZ-4_7_8	.	.	PUNCT	PUNCT	_	_	_	_	_

1897LENZ-4_8_1	Amuleŋe	amun	_	V	prog|imp2s	_	_	_	origText=Amuleŋe,baseForms=amu|(kü)le|nge
1897LENZ-4_8_2	.	.	PUNCT	PUNCT	_	_	_	_	_

1897LENZ-5_1_1	Inche	iñche	_	PN	1s	_	_	_	origText=Inche,baseForms=iñche
1897LENZ-5_1_2	mai	may	_	AV	_	_	_	_	origText=mai,baseForms=may
1897LENZ-5_1_3	ni	ñi	_	PP	1s	_	_	_	origText=ni,baseForms=ñi
1897LENZ-5_1_4	láku	l'aku	_	N	_	_	_	_	origText=láku,baseForms=l'aku
1897LENZ-5_1_5	moŋefúi	mongen	_	V	bi|ind3	_	_	_	origText=moŋefúi,baseForms=monge|fu|iy
1897LENZ-5_1_6	kúifi	kuyfi	_	AV	_	_	_	_	origText=kúifi,baseForms=kuyfi
1897LENZ-5_1_7	ántə	antü	_	N	_	_	_	_	origText=ántə,baseForms=antü
1897LENZ-5_1_8	.	.	PUNCT	PUNCT	_	_	_	_	_

1897LENZ-5_2_1	Juan	Juan	_	NP	_	_	_	_	origText=Juan,baseForms=
1897LENZ-5_2_2	José	José	_	NP	_	_	_	_	origText=José,baseForms=
1897LENZ-5_2_3	Kintuprai	Kintuprai	_	NP	_	_	_	_	origText=Kintuprai,baseForms=
1897LENZ-5_2_4	piŋefu	pin	_	V	pass|bi|ind3s	_	_	_	origText=piŋefu,baseForms=pi|nge|fu|iy
1897LENZ-5_2_5	-	-	PUNCT	PUNCT	_	_	_	_	_
1897LENZ-5_2_6	inche	iñche	_	PN	1s	_	_	_	origText=inche,baseForms=iñche
1897LENZ-5_2_7	ñi	ñi	_	PP	3	_	_	_	origText=ñi,baseForms=ñi
1897LENZ-5_2_8	laku	l'aku	_	N	_	_	_	_	origText=laku,baseForms=l'aku
1897LENZ-5_2_9	;	;	PUNCT	PUNCT	_	_	_	_	_
1897LENZ-5_2_10	p	p	PUNCT	PUNCT	_	_	_	_	_
1897LENZ-5_2_11	i	i	PUNCT	PUNCT	_	_	_	_	_
1897LENZ-5_2_12	c	c	PUNCT	PUNCT	_	_	_	_	_
1897LENZ-5_2_13	h	h	PUNCT	PUNCT	_	_	_	_	_
1897LENZ-5_2_14	ü	ü	PUNCT	PUNCT	_	_	_	_	_
1897LENZ-5_2_15	məten	müt'en	_	AV	nmlz	_	_	_	origText=məten,baseForms=müt'e|(ü)n
1897LENZ-5_2_16	kimpafín	kimün	_	V	cis|3dir|ind1s	_	_	_	origText=kimpafín,baseForms=kim|pa|fi|(ü)n
1897LENZ-5_2_17	.	.	PUNCT	PUNCT	_	_	_	_	_

1897LENZ-5_3_1	Feiti	feychi	_	D	D|DA	_	_	_	origText=Feiti,baseForms=fey|chi
1897LENZ-5_3_2	mai	may	_	AV	_	_	_	_	origText=mai,baseForms=may
1897LENZ-5_3_3	rupai	rupan	_	V	ind3	_	_	_	origText=rupai,baseForms=rupa|iy
1897LENZ-5_3_4	weichan	weichan	_	N	nmlz	_	_	_	origText=weichan,baseForms=weicha|(ü)n
1897LENZ-5_3_5	-	-	PUNCT	PUNCT	_	_	_	_	_
1897LENZ-5_3_6	mo	mew	_	P	P	_	_	_	origText=mo,baseForms=mew
1897LENZ-5_3_7	.	.	PUNCT	PUNCT	_	_	_	_	_

1897LENZ-5_4_1	Kombídanŋei	kombidan	_	V	pass|ind3	_	_	_	origText=Kombídanŋei,baseForms=kombidan|nge|iy
1897LENZ-5_4_2	chi	chi	_	DA	DA	_	_	_	origText=chi,baseForms=chi
1897LENZ-5_4_3	pu	pu	_	PL	PL	_	_	_	origText=pu,baseForms=pu
1897LENZ-5_4_4	kasike	kasike	_	N	_	_	_	_	origText=kasike,baseForms=kasike
1897LENZ-5_4_5	;	;	PUNCT	PUNCT	_	_	_	_	_
1897LENZ-5_4_6	züŋueu	düngun	_	N	indinv3-3	_	_	_	origText=züŋueu,baseForms=düngu|eyeu
1897LENZ-5_4_7	chi	chi	_	DA	DA	_	_	_	origText=chi,baseForms=chi
1897LENZ-5_4_8	pu	pu	_	PL	PL	_	_	_	origText=pu,baseForms=pu
1897LENZ-5_4_9	kawaʎero	kawallero	_	N	_	_	_	_	origText=kawaʎero,baseForms=kawallero
1897LENZ-5_4_10	niel’u	nielu	_	N	svn	_	_	_	origText=niel’u,baseForms=nie|lu
1897LENZ-5_4_11	ta	ta	_	DA	DA	_	_	_	origText=ta,baseForms=ta
1897LENZ-5_4_12	weichan	weichan	_	N	nmlz	_	_	_	origText=weichan,baseForms=weicha|(ü)n
1897LENZ-5_4_13	aukanzüŋu	awkandüngu	_	CN	_	_	_	_	origText=aukanzüŋu,baseForms=awkan|düngu
1897LENZ-5_4_14	:	:	PUNCT	PUNCT	_	_	_	_	_

1897LENZ-6_1_1	Kopiñ	Kopiñ	_	NP	_	_	_	_	origText=Kopiñ,baseForms=
1897LENZ-6_1_2	koñiŋen	koñin	_	V	pass|ind1s	_	_	_	origText=koñiŋen,baseForms=koñi|nge|(ü)n
1897LENZ-6_1_3	.	.	PUNCT	PUNCT	_	_	_	_	_

1897LENZ-6_2_1	Tañi	tañi	_	PP	1s	_	_	_	origText=Tañi,baseForms=tañi
1897LENZ-6_2_2	chao	chaw	_	N	_	_	_	_	origText=chao,baseForms=chaw
1897LENZ-6_2_3	Kat’iñ	Katriñ	_	NP	_	_	_	_	origText=Kat’iñ,baseForms=
1897LENZ-6_2_4	piŋei	pin	_	V	pass|ind3	_	_	_	origText=piŋei,baseForms=pi|nge|iy
1897LENZ-6_2_5	,	,	PUNCT	PUNCT	_	_	_	_	_
1897LENZ-6_2_6	ñi	ñi	_	PP	1s	_	_	_	origText=ñi,baseForms=ñi
1897LENZ-6_2_7	ñuke	ñuke	_	N	_	_	_	_	origText=ñuke,baseForms=ñuke
1897LENZ-6_2_8	Rupaiʎaŋ	Rupayllang	_	NP	_	_	_	_	origText=Rupaiʎaŋ,baseForms=
1897LENZ-6_2_9	piŋei	pin	_	V	pass|ind3	_	_	_	origText=piŋei,baseForms=pi|nge|iy
1897LENZ-6_2_10	.	.	PUNCT	PUNCT	_	_	_	_	_

1897LENZ-6_3_1	Pəchün	pichin	_	AV	nmlz	_	_	_	origText=Pəchün,baseForms=pichi|(ü)n
1897LENZ-6_3_2	nopan	non	_	V	cis|ind1s	_	_	_	origText=nopan,baseForms=no|pa|(ü)n
1897LENZ-6_3_3	ta	ta	_	DA	DA	_	_	_	origText=ta,baseForms=ta
1897LENZ-6_3_4	Kautün	Kautün	_	NP	_	_	_	_	origText=Kautün,baseForms=
1897LENZ-6_3_5	.	.	PUNCT	PUNCT	_	_	_	_	_

1897LENZ-6_4_1	Kəme	küme	_	AJ	_	_	_	_	origText=Kəme,baseForms=küme
1897LENZ-6_4_2	went’u	wentru	_	N	_	_	_	_	origText=went’u,baseForms=wentru
1897LENZ-6_4_3	nievui	nien	_	V	bi|ind3	_	_	_	origText=nievui,baseForms=nie|fu|iy
1897LENZ-6_4_4	tañi	tañi	_	PP	1s	_	_	_	origText=tañi,baseForms=tañi
1897LENZ-6_4_5	chao	chaw	_	N	_	_	_	_	origText=chao,baseForms=chaw
1897LENZ-6_4_6	em	em	_	IJ	particle	_	_	_	origText=em,baseForms=em
1897LENZ-6_4_7	;	;	PUNCT	PUNCT	_	_	_	_	_
1897LENZ-6_4_8	feimeu	feymew	_	AV	_	_	_	_	origText=feimeu,baseForms=feymew
1897LENZ-6_4_9	kureyei	kureyen	_	V	vb|in3s	_	_	_	origText=kureyei,baseForms=kure|ye|iy
1897LENZ-6_4_10	Lemunau	Lemunaw	_	NP	_	_	_	_	origText=Lemunau,baseForms=
1897LENZ-6_4_11	tañi	tañi	_	PP	1s	_	_	_	origText=tañi,baseForms=tañi
1897LENZ-6_4_12	ñawe	ñawe	_	N	_	_	_	_	origText=ñawe,baseForms=ñawe
1897LENZ-6_4_13	.	.	PUNCT	PUNCT	_	_	_	_	_

1897LENZ-7_1_1	EPEU	epew	_	N	_	_	_	_	origText=EPEU,baseForms=epew
1897LENZ-7_1_2	T’ARU	traru	_	N	_	_	_	_	origText=T’ARU,baseForms=traru
1897LENZ-7_1_3	YEŊU	engu	_	PC	3d	_	_	_	origText=YEŊU,baseForms=engu
1897LENZ-7_1_4	KANIN	kanin	_	N	_	_	_	_	origText=KANIN,baseForms=kanin

1897LENZ-7_2_1	Epu	epu	_	NUM	_	_	_	_	origText=Epu,baseForms=epu
1897LENZ-7_2_2	üñəm	üñüm	_	N	_	_	_	_	origText=üñəm,baseForms=üñüm
1897LENZ-7_2_3	“	“	PUNCT	PUNCT	_	_	_	_	_
1897LENZ-7_2_4	kudeayu	kuden	_	V	fut	_	_	_	origText=kudeayu,baseForms=kude|a|iyu
1897LENZ-7_2_5	”	”	PUNCT	PUNCT	_	_	_	_	_
1897LENZ-7_2_6	pirkei	pin	_	V	rep|ind3	_	_	_	origText=pirkei,baseForms=pi|rke|iy
1897LENZ-7_2_7	;	;	PUNCT	PUNCT	_	_	_	_	_
1897LENZ-7_2_8	“	“	PUNCT	PUNCT	_	_	_	_	_
1897LENZ-7_2_9	amoayu	amun	_	V	fut	_	_	_	origText=amoayu,baseForms=amu|a|iyu
1897LENZ-7_2_10	lafken	l'afken'	_	N	_	_	_	_	origText=lafken,baseForms=l'afken'
1897LENZ-7_2_11	mapu	mapu	_	N	_	_	_	_	origText=mapu,baseForms=mapu
1897LENZ-7_2_12	”	”	PUNCT	PUNCT	_	_	_	_	_
1897LENZ-7_2_13	pirkeiŋu	pin	_	V	rep|ind3d	_	_	_	origText=pirkeiŋu,baseForms=pi|rke|ingu
1897LENZ-7_2_14	t’aru	traru	_	N	_	_	_	_	origText=t’aru,baseForms=traru
1897LENZ-7_2_15	yeŋu	engu	_	PC	3d	_	_	_	origText=yeŋu,baseForms=engu
1897LENZ-7_2_16	kanin	kanin	_	N	_	_	_	_	origText=kanin,baseForms=kanin
1897LENZ-7_2_17	.	.	PUNCT	PUNCT	_	_	_	_	_

1897LENZ-7_3_1	Feimu	feymew	_	AV	_	_	_	_	origText=Feimu,baseForms=feymew
1897LENZ-7_3_2	kudelkeiŋu	kuden	_	V	cause|habit|ind3d	_	_	_	origText=kudelkeiŋu,baseForms=kude|(ü)l|ke|ingu
1897LENZ-7_3_3	iñei	iney	_	WH	particle	_	_	_	origText=iñei,baseForms=iney
1897LENZ-7_3_4	ñi	ñi	_	PP	3	_	_	_	origText=ñi,baseForms=ñi
1897LENZ-7_3_5	doi	doy	_	AV	_	_	_	_	origText=doi,baseForms=doy
1897LENZ-7_3_6	levael	lefel	_	N	fut|nmlz	_	_	_	origText=levael,baseForms=lef|a|el
1897LENZ-7_3_7	.	.	PUNCT	PUNCT	_	_	_	_	_

1897LENZ-8_1_1	Lamŋén	lamngen	_	N	_	_	_	_	origText=Lamŋén,baseForms=lamngen
1897LENZ-8_1_2	anái	anay	_	EP	_	_	_	_	origText=anái,baseForms=anay
1897LENZ-8_1_3	,	,	PUNCT	PUNCT	_	_	_	_	_
1897LENZ-8_1_4	lamŋén	lamngen	_	N	_	_	_	_	origText=lamŋén,baseForms=lamngen
1897LENZ-8_1_5	anái	anay	_	EP	_	_	_	_	origText=anái,baseForms=anay
1897LENZ-8_1_6	vəta	fücha	_	AJ	_	_	_	_	origText=vəta,baseForms=fücha
1897LENZ-8_1_7	kúivi	kuyfi	_	AV	_	_	_	_	origText=kúivi,baseForms=kuyfi
1897LENZ-8_1_8	mái	may	_	AV	_	_	_	_	origText=mái,baseForms=may
1897LENZ-8_1_9	peúyu	pen	_	V	reflex|ind1d	_	_	_	origText=peúyu,baseForms=pe|(u)w|iyu
1897LENZ-8_1_10	lamŋən	lamngen	_	N	_	_	_	_	origText=lamŋən,baseForms=lamngen
1897LENZ-8_1_11	,	,	PUNCT	PUNCT	_	_	_	_	_
1897LENZ-8_1_12	ʎamŋén	lamngen	_	N	_	_	_	_	origText=ʎamŋén,baseForms=lamngen
1897LENZ-8_1_13	anái	anay	_	EP	_	_	_	_	origText=anái,baseForms=anay
1897LENZ-8_1_14	,	,	PUNCT	PUNCT	_	_	_	_	_
1897LENZ-8_1_15	ʎamŋén	lamngen	_	N	_	_	_	_	origText=ʎamŋén,baseForms=lamngen
1897LENZ-8_1_16	.	.	PUNCT	PUNCT	_	_	_	_	_

1897LENZ-8_2_1	Pə´chi	pichi	_	AJ	_	_	_	_	origText=Pə´chi,baseForms=pichi
1897LENZ-8_2_2	kómpañén	kompañen	_	V	ind1s	_	_	_	origText=kómpañén,baseForms=kompañe|(ü)n
1897LENZ-8_2_3	,	,	PUNCT	PUNCT	_	_	_	_	_
1897LENZ-8_2_4	anai	anay	_	EP	_	_	_	_	origText=anai,baseForms=anay
1897LENZ-8_2_5	;	;	PUNCT	PUNCT	_	_	_	_	_
1897LENZ-8_2_6	ámutyáyu	amun	_	V	rest|fut	_	_	_	origText=ámutyáyu,baseForms=amu|tu|a|iyu
1897LENZ-8_2_7	ká	kay	_	AV	_	_	_	_	origText=ká,baseForms=kay
1897LENZ-8_2_8	mápu	mapu	_	N	_	_	_	_	origText=mápu,baseForms=mapu
1897LENZ-8_2_9	.	.	PUNCT	PUNCT	_	_	_	_	_

1897LENZ-9_1_1	ÜLKATUN	ülkantun	_	V	play|nmlz	_	_	_	origText=ÜLKATUN,baseForms=ülkantu|kantu|(ü)n
1897LENZ-9_1_2	KIÑE	kiñe	_	NUM	_	_	_	_	origText=KIÑE,baseForms=kiñe
1897LENZ-9_1_3	DOMO	domo	_	N	_	_	_	_	origText=DOMO,baseForms=domo

1897LENZ-9_2_1	Fü´tta	füt'a	_	N	_	_	_	_	origText=Fü´tta,baseForms=füt'a
1897LENZ-9_2_2	ŋélu	ngelu	_	N	svn	_	_	_	origText=ŋélu,baseForms=nge|lu
1897LENZ-9_2_3	tvéichi	tüfeychi	_	DP	DP	_	_	_	origText=tvéichi,baseForms=tüfeychi
1897LENZ-9_2_4	dómo	domo	_	N	_	_	_	_	origText=dómo,baseForms=domo
1897LENZ-9_2_5	yémerkéyu	yen	_	V	and|rep	_	_	_	origText=yémerkéyu,baseForms=ye|me|rke|iyu
1897LENZ-9_2_6	kiñe	kiñe	_	NUM	_	_	_	_	origText=kiñe,baseForms=kiñe
1897LENZ-9_2_7	wént’u	wentru	_	N	_	_	_	_	origText=wént’u,baseForms=went'u
1897LENZ-9_2_8	füttá	fücha	_	AJ	_	_	_	_	origText=füttá,baseForms=fücha
1897LENZ-9_2_9	ka	kay	_	AV	_	_	_	_	origText=ka,baseForms=kay
1897LENZ-9_2_10	mápu	mapu	_	N	_	_	_	_	origText=mápu,baseForms=mapu
1897LENZ-9_2_11	:	:	PUNCT	PUNCT	_	_	_	_	_
1897LENZ-9_2_12	púwlŋerkéi	puwün	_	V	cause|pass|rep|ind3	_	_	_	origText=púwlŋerkéi,baseForms=puw|(ü)l|nge|rke|iy
1897LENZ-9_2_13	Wüñfáli	Wünfali	_	NP	_	_	_	_	origText=Wüñfáli,baseForms=
1897LENZ-9_2_14	-	-	PUNCT	PUNCT	_	_	_	_	_
1897LENZ-9_2_15	méu	mew	_	P	P	_	_	_	origText=méu,baseForms=mew
1897LENZ-9_2_16	.	.	PUNCT	PUNCT	_	_	_	_	_

1897LENZ-9_3_1	Púwlú	puwlu	_	N	svn	_	_	_	origText=Púwlú,baseForms=puw|lu
1897LENZ-9_3_2	ülkáturkéi	ülkantun	_	V	play|rep|ind3	_	_	_	origText=ülkáturkéi,baseForms=ülkantu|kantu|rke|iy
1897LENZ-9_3_3	Véimeu	feymew	_	AV	_	_	_	_	origText=Véimeu,baseForms=feymew
1897LENZ-9_3_4	véi	fey	_	D	D	_	_	_	origText=véi,baseForms=fey
1897LENZ-9_3_5	pirkéi	pin	_	V	rep|ind3	_	_	_	origText=pirkéi,baseForms=pi|rke|iy
1897LENZ-9_3_6	ñi	ñi	_	PP	3	_	_	_	origText=ñi,baseForms=ñi
1897LENZ-9_3_7	ülkatún	ülkantun	_	V	play|nmlz	_	_	_	origText=ülkatún,baseForms=ülkantu|kantu|(ü)n
1897LENZ-9_3_8	:	:	PUNCT	PUNCT	_	_	_	_	_

1902AUGU_1_1	Dios	Dios	_	NP	_	_	_	_	origText=Dios,baseForms=,wordLang=spa
1902AUGU_1_2	ñi	ñi	_	PP	3	_	_	_	origText=ñi,baseForms=ñi
1902AUGU_1_3	dəŋu	düngu	_	N	_	_	_	_	origText=dəŋu,baseForms=düngu
1902AUGU_1_4	ñi	ñi	_	PP	3	_	_	_	origText=ñi,baseForms=ñi
1902AUGU_1_5	felen	felen	_	V	ind1s	_	_	_	origText=felen,baseForms=fele|(ü)n
1902AUGU_1_6	.	.	PUNCT	PUNCT	_	_	_	_	_

1902AUGU_2_1	Santa	santa	_	AJ	_	_	_	_	origText=Santa,baseForms=,wordLang=spa
1902AUGU_2_2	Kruz	cruz	_	N	_	_	_	_	origText=Kruz,baseForms=,wordLang=spa
1902AUGU_2_3	+	+	PUNCT	PUNCT	_	_	_	_	_
1902AUGU_2_4	tañi	tañi	_	PP	1s	_	_	_	origText=tañi,baseForms=tañi
1902AUGU_2_5	ŋənel	ngünel	_	N	nmlz	_	_	_	origText=ŋənel,baseForms=ngüne|el
1902AUGU_2_6	meu	mew	_	P	P	_	_	_	origText=meu,baseForms=mew
1902AUGU_2_7	>	>	PUNCT	PUNCT	_	_	_	_	_
1902AUGU_2_8	iñchiñ	iñchiñ	_	PN	1p	_	_	_	origText=iñchiñ,baseForms=iñchiñ
1902AUGU_2_9	taiñ	taiñ	_	PP	1p	_	_	_	origText=taiñ,baseForms=taiñ
1902AUGU_2_10	+	+	PUNCT	PUNCT	_	_	_	_	_
1902AUGU_2_11	pu	pu	_	PL	PL	_	_	_	origText=pu,baseForms=pu
1902AUGU_2_12	kaiñe	kaiñe	_	N	_	_	_	_	origText=kaiñe,baseForms=kaiñe
1902AUGU_2_13	meu	mew	_	P	P	_	_	_	origText=meu,baseForms=mew
1902AUGU_2_14	>	>	PUNCT	PUNCT	_	_	_	_	_
1902AUGU_2_15	montulmoiñ	montun	_	V	cause|ind2-1p	_	_	_	origText=montulmoiñ,baseForms=montu|(ü)l|muiñ
1902AUGU_2_16	+	+	PUNCT	PUNCT	_	_	_	_	_
1902AUGU_2_17	taiñ	taiñ	_	PP	1p	_	_	_	origText=taiñ,baseForms=taiñ
1902AUGU_2_18	Señor	señor	_	N	_	_	_	_	origText=Señor,baseForms=,wordLang=spa
1902AUGU_2_19	Dios	Dios	_	N	_	_	_	_	origText=Dios,baseForms=,wordLang=spa
1902AUGU_2_20	>	>	PUNCT	PUNCT	_	_	_	_	_
1902AUGU_2_21	Chau	chaw	_	N	_	_	_	_	origText=Chau,baseForms=chaw
1902AUGU_2_22	ka	ka	_	C	C	_	_	_	origText=ka,baseForms=ka
1902AUGU_2_23	Fotəm	fot'üm	_	N	_	_	_	_	origText=Fotəm,baseForms=fot'üm
1902AUGU_2_24	+	+	PUNCT	PUNCT	_	_	_	_	_
1902AUGU_2_25	ka	ka	_	C	C	_	_	_	origText=ka,baseForms=ka
1902AUGU_2_26	Espíritu	espíritu	_	N	_	_	_	_	origText=Espíritu,baseForms=,wordLang=spa
1902AUGU_2_27	Santo	santo	_	AJ	_	_	_	_	origText=Santo,baseForms=,wordLang=spa
1902AUGU_2_28	tañi	tañi	_	PP	1s	_	_	_	origText=tañi,baseForms=tañi
1902AUGU_2_29	üi	üy	_	N	_	_	_	_	origText=üi,baseForms=üy
1902AUGU_2_30	meu	mew	_	P	P	_	_	_	origText=meu,baseForms=mew
1902AUGU_2_31	.	.	PUNCT	PUNCT	_	_	_	_	_
1902AUGU_2_32	>	>	PUNCT	PUNCT	_	_	_	_	_
1902AUGU_2_33	Amen	amen	_	IJ	_	_	_	_	origText=Amen,baseForms=,wordLang=spa
1902AUGU_2_34	.	.	PUNCT	PUNCT	_	_	_	_	_

1903AUGU-1_1_1	San	san	_	AJ	_	_	_	_	origText=San,baseForms=,wordLang=spa
1903AUGU-1_1_2	Agustin	Augustin	_	NP	_	_	_	_	origText=Agustin,baseForms=,wordLang=spa
1903AUGU-1_1_3	piŋechi	pingechi	_	V	vb|adjz	_	_	_	origText=piŋechi,baseForms=pi|nge|chi
1903AUGU-1_1_4	obispo	obispo	_	N	_	_	_	_	origText=obispo,baseForms=,wordLang=spa
1903AUGU-1_1_5	fentren	fentren	_	AV	_	_	_	_	origText=fentren,baseForms=fentren
1903AUGU-1_1_6	rakiduamkəlefui	rakiduamün	_	N	prog|bi|ind3	_	_	_	origText=rakiduamkəlefui,baseForms=raki|duam|(kü)le|fi|iy
1903AUGU-1_1_7	rəf	rüf	_	None	_	_	_	_	origText=rəf,baseForms=rüf
1903AUGU-1_1_8	kimafilu	kimlu	_	V	fut|3dir|svn	_	_	_	origText=kimafilu,baseForms=kim|a|fi|lu
1903AUGU-1_1_9	ñi	ñi	_	PP	3	_	_	_	origText=ñi,baseForms=ñi
1903AUGU-1_1_10	chumlen	chumlen	_	N	vb|nmlz	_	_	_	origText=chumlen,baseForms=chum|le|(ü)n
1903AUGU-1_1_11	küla	küla	_	NUM	_	_	_	_	origText=küla,baseForms=küla
1903AUGU-1_1_12	personaŋechi	personangen	_	AJ	vb|ajvz	_	_	_	origText=personaŋechi,baseForms=persona|nge|chi
1903AUGU-1_1_13	kiñen	kiñe	_	NUM	inf	_	_	_	origText=kiñen,baseForms=kiñe|(ü)n
1903AUGU-1_1_14	Dios	Dios	_	NP	_	_	_	_	origText=Dios,baseForms=,wordLang=spa
1903AUGU-1_1_15	.	.	PUNCT	PUNCT	_	_	_	_	_

1903AUGU-1_2_1	Kiñe	kiñe	_	NUM	_	_	_	_	origText=Kiñe,baseForms=kiñe
1903AUGU-1_2_2	antü	antü	_	N	_	_	_	_	origText=antü,baseForms=antü
1903AUGU-1_2_3	amui	amun	_	V	ind3	_	_	_	origText=amui,baseForms=amu|iy
1903AUGU-1_2_4	pashiaialu	pashialu	_	N	fut|svn	_	_	_	origText=pashiaialu,baseForms=pashia|a|lu
1903AUGU-1_2_5	playa	playa	_	N	_	_	_	_	origText=playa,baseForms=playa
1903AUGU-1_2_6	meu	mew	_	P	P	_	_	_	origText=meu,baseForms=mew
1903AUGU-1_2_7	,	,	PUNCT	PUNCT	_	_	_	_	_
1903AUGU-1_2_8	rakiduam	rakiduam	_	N	_	_	_	_	origText=rakiduam,baseForms=raki|duam
1903AUGU-1_2_9	eŋu	engu	_	PC	3d	_	_	_	origText=eŋu,baseForms=engu
1903AUGU-1_2_10	amui	amun	_	V	ind3	_	_	_	origText=amui,baseForms=amu|iy
1903AUGU-1_2_11	,	,	PUNCT	PUNCT	_	_	_	_	_
1903AUGU-1_2_12	rəf	rüf	_	None	_	_	_	_	origText=rəf,baseForms=rüf
1903AUGU-1_2_13	rakiduamkiaukafui	rakiduamün	_	N	amb|cont|bi|ind3	_	_	_	origText=rakiduamkiaukafui,baseForms=raki|duam|(ki)yaw|ka|fu|iy
1903AUGU-1_2_14	tañi	tañi	_	PP	3	_	_	_	origText=tañi,baseForms=tañi
1903AUGU-1_2_15	amulen	amun	_	N	prog|inf	_	_	_	origText=amulen,baseForms=amu|(kü)le|(ü)n
1903AUGU-1_2_16	meu	mew	_	P	P	_	_	_	origText=meu,baseForms=mew
1903AUGU-1_2_17	.	.	PUNCT	PUNCT	_	_	_	_	_

1903AUGU-1_3_1	Amulelu	amulu	_	N	prog|svn	_	_	_	origText=Amulelu,baseForms=amu|(kü)le|lu
1903AUGU-1_3_2	pepufi	pen	_	V	dir3|ind3	_	_	_	origText=pepufi,baseForms=pe|pu|fi|iy
1903AUGU-1_3_3	kiñe	kiñe	_	NUM	_	_	_	_	origText=kiñe,baseForms=kiñe
1903AUGU-1_3_4	məte	müt'e	_	AV	_	_	_	_	origText=məte,baseForms=müt'e
1903AUGU-1_3_5	ayünŋechi	ayünngechi	_	AJ	vb|ajvz	_	_	_	origText=ayünŋechi,baseForms=ayü|nge|chi
1903AUGU-1_3_6	pichi	pichi	_	AJ	_	_	_	_	origText=pichi,baseForms=pichi
1903AUGU-1_3_7	weche	weche	_	N	_	_	_	_	origText=weche,baseForms=we|che
1903AUGU-1_3_8	inal	inal	_	N	_	_	_	_	origText=inal,baseForms=inal
1903AUGU-1_3_9	l·afken·	l'afken'	_	N	_	_	_	_	origText=l·afken·,baseForms=l'afken'
1903AUGU-1_3_10	meu	mew	_	P	P	_	_	_	origText=meu,baseForms=mew
1903AUGU-1_3_11	,	,	PUNCT	PUNCT	_	_	_	_	_
1903AUGU-1_3_12	deumádeumayefúi	dewmadewman	_	V	cf|bi|ind3	_	_	_	origText=deumádeumayefúi,baseForms=dewma|dewma|ye|fu|iy
1903AUGU-1_3_13	kiñe	kiñe	_	NUM	_	_	_	_	origText=kiñe,baseForms=kiñe
1903AUGU-1_3_14	pichi	pichi	_	AJ	_	_	_	_	origText=pichi,baseForms=pichi
1903AUGU-1_3_15	rəŋan	rüŋan	_	N	nmlz	_	_	_	origText=rəŋan,baseForms=runga|(ü)n
1903AUGU-1_3_16	ñi	ñi	_	PP	3	_	_	_	origText=ñi,baseForms=ñi
1903AUGU-1_3_17	pichike	pichi	_	AJ	p	_	_	_	origText=pichike,baseForms=pichi|ke
1903AUGU-1_3_18	kuq	kug	_	N	_	_	_	_	origText=kuq,baseForms=kug
1903AUGU-1_3_19	meu	mew	_	P	P	_	_	_	origText=meu,baseForms=mew
1903AUGU-1_3_20	.	.	PUNCT	PUNCT	_	_	_	_	_

1910AUGU-1_1_1	Witrakənuŋekei	witrakünun	_	V	pass|habit|ind3	_	_	_	origText=Witrakənuŋekei,baseForms=witra|künu|nge|ke|iy
1910AUGU-1_1_2	rewe	rewe	_	N	_	_	_	_	origText=rewe,baseForms=rewe
1910AUGU-1_1_3	,	,	PUNCT	PUNCT	_	_	_	_	_
1910AUGU-1_1_4	ka	ka	_	C	C	_	_	_	origText=ka,baseForms=ka
1910AUGU-1_1_5	fei	fey	_	D	D	_	_	_	origText=fei,baseForms=fey
1910AUGU-1_1_6	meu	mew	_	P	P	_	_	_	origText=meu,baseForms=mew
1910AUGU-1_1_7	elŋekei	elün	_	V	pass|habit|ind3	_	_	_	origText=elŋekei,baseForms=el|nge|ke|iy
1910AUGU-1_1_8	llaŋi-llaŋi	llangillangui	_	N	redup	_	_	_	origText=llaŋi-llaŋi,baseForms=llangui|llangui
1910AUGU-1_1_9	altar	altar	_	N	_	_	_	_	origText=altar,baseForms=altar
1910AUGU-1_1_10	femŋechi	femngechi	_	None	_	_	_	_	origText=femŋechi,baseForms=femngechi
1910AUGU-1_1_11	,	,	PUNCT	PUNCT	_	_	_	_	_
1910AUGU-1_1_12	ñi	ñi	_	PP	3	_	_	_	origText=ñi,baseForms=ñi
1910AUGU-1_1_13	elŋeam	elam	_	AV	pass|purp	_	_	_	origText=elŋeam,baseForms=el|nge|am
1910AUGU-1_1_14	kiñe	kiñe	_	NUM	_	_	_	_	origText=kiñe,baseForms=kiñe
1910AUGU-1_1_15	fùchá	fücha	_	AJ	_	_	_	_	origText=fùchá,baseForms=fücha
1910AUGU-1_1_16	ral·i	ral'i	_	N	_	_	_	_	origText=ral·i,baseForms=ral'i
1910AUGU-1_1_17	mollfùñ	mollfüñ	_	N	_	_	_	_	origText=mollfùñ,baseForms=mollfüñ
1910AUGU-1_1_18	,	,	PUNCT	PUNCT	_	_	_	_	_
1910AUGU-1_1_19	ñi	ñi	_	PP	3	_	_	_	origText=ñi,baseForms=ñi
1910AUGU-1_1_20	iaqel	iael	_	N	_	_	_	_	origText=iaqel,baseForms=iael
1910AUGU-1_1_21	feichi	feychi	_	D	D|DA	_	_	_	origText=feichi,baseForms=fey|chi
1910AUGU-1_1_22	Ŋənemapun	ngünemapun	_	CN	nmlz	_	_	_	origText=Ŋənemapun,baseForms=ngüne|mapu|(ü)n
1910AUGU-1_1_23	.	.	PUNCT	PUNCT	_	_	_	_	_

1910AUGU-1_2_1	Wema	wema	_	AV	_	_	_	_	origText=Wema,baseForms=wema
1910AUGU-1_2_2	l·aŋəmŋekei	l'angümün	_	V	cause|pass|habit|ind3	_	_	_	origText=l·aŋəmŋekei,baseForms=l'a|(ü)m|nge|ke|iy
1910AUGU-1_2_3	ruka	ruka	_	N	_	_	_	_	origText=ruka,baseForms=ruka
1910AUGU-1_2_4	meu	mew	_	P	P	_	_	_	origText=meu,baseForms=mew
1910AUGU-1_2_5	waka	waka	_	N	_	_	_	_	origText=waka,baseForms=waka
1910AUGU-1_2_6	,	,	PUNCT	PUNCT	_	_	_	_	_
1910AUGU-1_2_7	auka	awka	_	N	_	_	_	_	origText=auka,baseForms=awka
1910AUGU-1_2_8	,	,	PUNCT	PUNCT	_	_	_	_	_
1910AUGU-1_2_9	ofisha	ofida	_	N	_	_	_	_	origText=ofisha,baseForms=ofida
1910AUGU-1_2_10	,	,	PUNCT	PUNCT	_	_	_	_	_
1910AUGU-1_2_11	shañwe	shañwe	_	N	_	_	_	_	origText=shañwe,baseForms=shañwe
1910AUGU-1_2_12	;	;	PUNCT	PUNCT	_	_	_	_	_
1910AUGU-1_2_13	a	a	PUNCT	PUNCT	_	_	_	_	_
1910AUGU-1_2_14	f	f	PUNCT	PUNCT	_	_	_	_	_
1910AUGU-1_2_15	ù	ù	PUNCT	PUNCT	_	_	_	_	_
1910AUGU-1_2_16	n	n	PUNCT	PUNCT	_	_	_	_	_
1910AUGU-1_2_17	ilo	ilo	_	N	_	_	_	_	origText=ilo,baseForms=ilo
1910AUGU-1_2_18	yeŋekei	yen	_	V	pass|habit|ind3	_	_	_	origText=yeŋekei,baseForms=ye|nge|ke|iy
1910AUGU-1_2_19	kawiñwe	kawiñwe	_	N	ins	_	_	_	origText=kawiñwe,baseForms=kawiñ|we
1910AUGU-1_2_20	meu	mew	_	P	P	_	_	_	origText=meu,baseForms=mew
1910AUGU-1_2_21	.	.	PUNCT	PUNCT	_	_	_	_	_

1910AUGU-2_1_1	„	„	PUNCT	PUNCT	_	_	_	_	_
1910AUGU-2_1_2	Kiñe	kiñe	_	NUM	_	_	_	_	origText=Kiñe,baseForms=kiñe
1910AUGU-2_1_3	akucha	akucha	_	N	_	_	_	_	origText=akucha,baseForms=akucha
1910AUGU-2_1_4	regaláneu	regalan	_	V	ind3-1s	_	_	_	origText=regaláneu,baseForms=regala|enew
1910AUGU-2_1_5	Padre	padre	_	N	_	_	_	_	origText=Padre,baseForms=padre
1910AUGU-2_1_6	"	"	PUNCT	PUNCT	_	_	_	_	_
1910AUGU-2_1_7	,	,	PUNCT	PUNCT	_	_	_	_	_
1910AUGU-2_1_8	pín	pin	_	V	ind1s	_	_	_	origText=pín,baseForms=pi|(ü)n
1910AUGU-2_1_9	iñche	iñche	_	PN	1s	_	_	_	origText=iñche,baseForms=iñche
1910AUGU-2_1_10	.	.	PUNCT	PUNCT	_	_	_	_	_

1910AUGU-2_2_1	„	„	PUNCT	PUNCT	_	_	_	_	_
1910AUGU-2_2_2	¡	¡	PUNCT	PUNCT	_	_	_	_	_
1910AUGU-2_2_3	¿	¿	PUNCT	PUNCT	_	_	_	_	_
1910AUGU-2_2_4	Ñi	ñi	_	PP	3	_	_	_	origText=Ñi,baseForms=ñi
1910AUGU-2_2_5	ŋillatuletéuchi	ngilatulelchi	_	AJ	rest|cause|invNF3|ajvz	_	_	_	origText=ŋillatuletéuchi,baseForms=ngilla|tu|(ü)l|etew|chi
1910AUGU-2_2_6	akucha	akucha	_	N	_	_	_	_	origText=akucha,baseForms=akucha
1910AUGU-2_2_7	Padre	padre	_	N	_	_	_	_	origText=Padre,baseForms=padre
1910AUGU-2_2_8	meu	mew	_	P	P	_	_	_	origText=meu,baseForms=mew
1910AUGU-2_2_9	?	?	PUNCT	PUNCT	_	_	_	_	_
1910AUGU-2_2_10	!	!	PUNCT	PUNCT	_	_	_	_	_
1910AUGU-2_2_11	"	"	PUNCT	PUNCT	_	_	_	_	_
1910AUGU-2_2_12	piéneu	pin	_	V	ind3-1s	_	_	_	origText=piéneu,baseForms=pi|enew
1910AUGU-2_2_13	tañi	tañi	_	PP	1s	_	_	_	origText=tañi,baseForms=tañi
1910AUGU-2_2_14	ñuke	ñuke	_	N	_	_	_	_	origText=ñuke,baseForms=ñuke
1910AUGU-2_2_15	.	.	PUNCT	PUNCT	_	_	_	_	_

1910AUGU-3_1_1	Kiñe	kiñe	_	NUM	_	_	_	_	origText=Kiñe,baseForms=kiñe
1910AUGU-3_1_2	fùcha	fücha	_	AJ	_	_	_	_	origText=fùcha,baseForms=fücha
1910AUGU-3_1_3	wentru	wentru	_	N	_	_	_	_	origText=wentru,baseForms=wentru
1910AUGU-3_1_4	kùla	küla	_	NUM	_	_	_	_	origText=kùla,baseForms=küla
1910AUGU-3_1_5	fotəm	fot'üm	_	N	_	_	_	_	origText=fotəm,baseForms=fot'üm
1910AUGU-3_1_6	niei	nien	_	V	ind3	_	_	_	origText=niei,baseForms=nie|iy
1910AUGU-3_1_7	;	;	PUNCT	PUNCT	_	_	_	_	_
1910AUGU-3_1_8	niei	nien	_	V	ind3	_	_	_	origText=niei,baseForms=nie|iy
1910AUGU-3_1_9	kiñe	kiñe	_	NUM	_	_	_	_	origText=kiñe,baseForms=kiñe
1910AUGU-3_1_10	mapu	mapu	_	N	_	_	_	_	origText=mapu,baseForms=mapu
1910AUGU-3_1_11	kachilla	kachilla	_	N	_	_	_	_	origText=kachilla,baseForms=kachilla
1910AUGU-3_1_12	tichi	tüfeychi	_	DP	DP	_	_	_	origText=tichi,baseForms=tichi
1910AUGU-3_1_13	fùcha	fücha	_	AJ	_	_	_	_	origText=fùcha,baseForms=fücha
1910AUGU-3_1_14	wentru	wentru	_	N	_	_	_	_	origText=wentru,baseForms=wentru
1910AUGU-3_1_15	.	.	PUNCT	PUNCT	_	_	_	_	_

1910AUGU-3_2_1	Kiñe	kiñe	_	NUM	_	_	_	_	origText=Kiñe,baseForms=kiñe
1910AUGU-3_2_2	antù	antü	_	N	_	_	_	_	origText=antù,baseForms=antü
1910AUGU-3_2_3	fei	fey	_	D	D	_	_	_	origText=fei,baseForms=fey
1910AUGU-3_2_4	pifí	pin	_	V	dir3|ind3	_	_	_	origText=pifí,baseForms=pi|fi|iy
1910AUGU-3_2_5	ñ	ñ	PUNCT	PUNCT	_	_	_	_	_
1910AUGU-3_2_6	i	i	PUNCT	PUNCT	_	_	_	_	_
1910AUGU-3_2_7	wənen	wünen	_	AJ	nmlz	_	_	_	origText=wənen,baseForms=wüne|(ü)n
1910AUGU-3_2_8	fotəm	fot'üm	_	N	_	_	_	_	origText=fotəm,baseForms=fot'üm
1910AUGU-3_2_9	:	:	PUNCT	PUNCT	_	_	_	_	_
1910AUGU-3_2_10	„	„	PUNCT	PUNCT	_	_	_	_	_
1910AUGU-3_2_11	Chumŋelu	chumngelu	_	WH	particle	_	_	_	origText=Chumŋelu,baseForms=chumngelu
1910AUGU-3_2_12	kam	kam	_	IP	particle	_	_	_	origText=kam,baseForms=kam
1910AUGU-3_2_13	afí	afün	_	V	ind3	_	_	_	origText=afí,baseForms=af|iy
1910AUGU-3_2_14	tayu	tayu	_	PP	1d	_	_	_	origText=tayu,baseForms=tayu
1910AUGU-3_2_15	kachilla	kachilla	_	N	_	_	_	_	origText=kachilla,baseForms=kachilla
1910AUGU-3_2_16	,	,	PUNCT	PUNCT	_	_	_	_	_
1910AUGU-3_2_17	fotəm	fot'üm	_	N	_	_	_	_	origText=fotəm,baseForms=fot'üm
1910AUGU-3_2_18	?	?	PUNCT	PUNCT	_	_	_	_	_
1910AUGU-3_2_19	Ŋəneikeaimi	ngünen	_	V	habit|fut|ind2s	_	_	_	origText=Ŋəneikeaimi,baseForms=ngüne|ke|a|imi
1910AUGU-3_2_20	kachilla	kachilla	_	N	_	_	_	_	origText=kachilla,baseForms=kachilla
1910AUGU-3_2_21	;	;	PUNCT	PUNCT	_	_	_	_	_
1910AUGU-3_2_22	kollipùllilewei	kollipüllilen	_	V	vb|psist|ind3	_	_	_	origText=kollipùllilewei,baseForms=kolli|pülli|le|we|iy
1910AUGU-3_2_23	tayu	tayu	_	PP	1d	_	_	_	origText=tayu,baseForms=tayu
1910AUGU-3_2_24	kachillalmom	kachillalmum	_	N	cause|situ	_	_	_	origText=kachillalmom,baseForms=kachilla|(ü)l|mum
1910AUGU-3_2_25	.	.	PUNCT	PUNCT	_	_	_	_	_
1910AUGU-3_2_26	"	"	PUNCT	PUNCT	_	_	_	_	_

1910AUGU-3_3_1	Lladkùkei	lladkün	_	N	habit|ind3	_	_	_	origText=Lladkùkei,baseForms=lladkü|ke|iy
1910AUGU-3_3_2	mai	may	_	AV	_	_	_	_	origText=mai,baseForms=may
1910AUGU-3_3_3	təfachi	tüfachi	_	DP	DP	_	_	_	origText=təfachi,baseForms=tüfachi
1910AUGU-3_3_4	fùcha	fücha	_	AJ	_	_	_	_	origText=fùcha,baseForms=fücha
1910AUGU-3_3_5	wentru	wentru	_	N	_	_	_	_	origText=wentru,baseForms=wentru
1910AUGU-3_3_6	.	.	PUNCT	PUNCT	_	_	_	_	_

1910AUGU-4_1_1	Ayeniefal-lai	ayenien	_	V	cause|neg|ind3	_	_	_	origText=Ayeniefal-lai,baseForms=aye|nie|fall|la|iy
1910AUGU-4_1_2	Ŋuluche	nguluche	_	CN	_	_	_	_	origText=Ŋuluche,baseForms=ngulu|che
1910AUGU-4_1_3	,	,	PUNCT	PUNCT	_	_	_	_	_
1910AUGU-4_1_4	lamŋen	lamngen	_	N	_	_	_	_	origText=lamŋen,baseForms=lamngen
1910AUGU-4_1_5	em	em	_	IJ	particle	_	_	_	origText=em,baseForms=em
1910AUGU-4_1_6	,	,	PUNCT	PUNCT	_	_	_	_	_
1910AUGU-4_1_7	Ayenieŋen	ayenien	_	N	pass|nmlz	_	_	_	origText=Ayenieŋen,baseForms=aye|nie|pass|(ü)n
1910AUGU-4_1_8	meu	mew	_	P	P	_	_	_	origText=meu,baseForms=mew
1910AUGU-4_1_9	„	„	PUNCT	PUNCT	_	_	_	_	_
1910AUGU-4_1_10	ayùŋen	ayün	_	V	pass|ind1	_	_	_	origText=ayùŋen,baseForms=ayü|nge|(ü)n
1910AUGU-4_1_11	"	"	PUNCT	PUNCT	_	_	_	_	_
1910AUGU-4_1_12	pikarkelu	pilu	_	V	cont|rep|svn	_	_	_	origText=pikarkelu,baseForms=pi|ka|rke|lu
1910AUGU-4_1_13	kai	kay	_	AV	_	_	_	_	origText=kai,baseForms=kay
1910AUGU-4_1_14	.	.	PUNCT	PUNCT	_	_	_	_	_

1910AUGU-4_2_1	Karù	karü	_	AJ	_	_	_	_	origText=Karù,baseForms=karü
1910AUGU-4_2_2	manshana	manshana	_	N	_	_	_	_	origText=manshana,baseForms=manshana
1910AUGU-4_2_3	meu	mew	_	P	P	_	_	_	origText=meu,baseForms=mew
1910AUGU-4_2_4	rul	rul	_	AV	_	_	_	_	origText=rul,baseForms=None
1910AUGU-4_2_5	paiafiñ	pan	_	V	fut|3dir|ind1p	_	_	_	origText=paiafiñ,baseForms=pa|a|fi|(iy)iñ
1910AUGU-4_2_6	,	,	PUNCT	PUNCT	_	_	_	_	_
1910AUGU-4_2_7	pirkellefulu	pin	_	V	rep|affirm|bi|svn	_	_	_	origText=pirkellefulu,baseForms=pi|rke|lle|fu|lu
1910AUGU-4_2_8	kai	kay	_	AV	_	_	_	_	origText=kai,baseForms=kay
1910AUGU-4_2_9	,	,	PUNCT	PUNCT	_	_	_	_	_
1910AUGU-4_2_10	lamŋen	lamngen	_	N	_	_	_	_	origText=lamŋen,baseForms=lamngen
1910AUGU-4_2_11	em	em	_	IJ	particle	_	_	_	origText=em,baseForms=em
1910AUGU-4_2_12	!	!	PUNCT	PUNCT	_	_	_	_	_

1910AUGU-5_1_1	Akutun	akun	_	V	rest|ind1s	_	_	_	origText=Akutun,baseForms=aku|tu|(ü)n
1910AUGU-5_1_2	fau	faw	_	AV	_	_	_	_	origText=fau,baseForms=faw
1910AUGU-5_1_3	.	.	PUNCT	PUNCT	_	_	_	_	_
1910AUGU-5_1_4	Kùpatun	küpan	_	V	rest|ind1s	_	_	_	origText=Kùpatun,baseForms=küpa|tu|(ü)n
1910AUGU-5_1_5	Purisima	Purisima	_	NP	_	_	_	_	origText=Purisima,baseForms=,wordLang=spa
1910AUGU-5_1_6	antù	antü	_	N	_	_	_	_	origText=antù,baseForms=antü
1910AUGU-5_1_7	meu	mew	_	P	P	_	_	_	origText=meu,baseForms=mew
1910AUGU-5_1_8	.	.	PUNCT	PUNCT	_	_	_	_	_

1910AUGU-5_2_1	Domingo	domingo	_	AV	_	_	_	_	origText=Domingo,baseForms=
1910AUGU-5_2_2	meu	mew	_	P	P	_	_	_	origText=meu,baseForms=mew
1910AUGU-5_2_3	á las cinco de la tarde	a las cinco de la tarde	_	AV	_	_	_	_	origText=á las cinco de la tarde,baseForms=,wordLang=spa
1910AUGU-5_2_4	akutun	akun	_	V	rest|ind1s	_	_	_	origText=akutun,baseForms=aku|tu|(ü)n
1910AUGU-5_2_5	fau	faw	_	AV	_	_	_	_	origText=fau,baseForms=faw
1910AUGU-5_2_6	.	.	PUNCT	PUNCT	_	_	_	_	_

1910AUGU-5_3_1	Epu	epu	_	NUM	_	_	_	_	origText=Epu,baseForms=epu
1910AUGU-5_3_2	antù	antü	_	N	_	_	_	_	origText=antù,baseForms=antü
1910AUGU-5_3_3	mu	mew	_	P	P	_	_	_	origText=mu,baseForms=mew
1910AUGU-5_3_4	məŋel	müngel	_	AV	_	_	_	_	origText=məŋel,baseForms=müngel
1910AUGU-5_3_5	kùpan	küpan	_	V	ind1s	_	_	_	origText=kùpan,baseForms=küpa|(ü)n
1910AUGU-5_3_6	.	.	PUNCT	PUNCT	_	_	_	_	_

1910AUGU-5_4_1	Umalan	uman	_	V	neg|ind1s	_	_	_	origText=Umalan,baseForms=uma|la|(ü)n
1910AUGU-5_4_2	Temuco	Temuko	_	NP	_	_	_	_	origText=Temuco,baseForms=Temuko
1910AUGU-5_4_3	,	,	PUNCT	PUNCT	_	_	_	_	_
1910AUGU-5_4_4	deuma	dewma	_	AV	_	_	_	_	origText=deuma,baseForms=dewma
1910AUGU-5_4_5	alcanzapan	alkansan	_	V	cis|ind1s	_	_	_	origText=alcanzapan,baseForms=alkansa|pa|(ü)n
1910AUGU-5_4_6	tren	tren	_	N	_	_	_	_	origText=tren,baseForms=tren
1910AUGU-5_4_7	;	;	PUNCT	PUNCT	_	_	_	_	_
1910AUGU-5_4_8	fei	fey	_	D	D	_	_	_	origText=fei,baseForms=fey
1910AUGU-5_4_9	meu	mew	_	P	P	_	_	_	origText=meu,baseForms=mew
1910AUGU-5_4_10	rupáfemiyu	rupafemün	_	V	ind1d	_	_	_	origText=rupáfemiyu,baseForms=rupa|None|fem|iyu
1910AUGU-5_4_11	,	,	PUNCT	PUNCT	_	_	_	_	_
1910AUGU-5_4_12	Umalayu	uman	_	V	neg|ind1d	_	_	_	origText=Umalayu,baseForms=uma|la|yu
1910AUGU-5_4_13	feichi	feychi	_	D	D|DA	_	_	_	origText=feichi,baseForms=fey|chi
1910AUGU-5_4_14	Temuco	Temuko	_	NP	_	_	_	_	origText=Temuco,baseForms=Temuko
1910AUGU-5_4_15	.	.	PUNCT	PUNCT	_	_	_	_	_

1913GUEV-1_1_1	Lorenzu	Lorensu	_	NP	_	_	_	_	origText=Lorenzu,baseForms=Lorensu
1913GUEV-1_1_2	Kolüpi	Kolüpi	_	NP	_	_	_	_	origText=Kolüpi,baseForms=Kolüpi
1913GUEV-1_1_3	ñidol	ñidol	_	N	_	_	_	_	origText=ñidol,baseForms=ñidol
1913GUEV-1_1_4	lonko	longko	_	N	_	_	_	_	origText=lonko,baseForms=longko
1913GUEV-1_1_5	ngefui	ngen	_	V	bi|ind3	_	_	_	origText=ngefui,baseForms=nge|fu|iy
1913GUEV-1_1_6	ta	ta	_	DA	DA	_	_	_	origText=ta,baseForms=ta
1913GUEV-1_1_7	kom	kom	_	AV	_	_	_	_	origText=kom,baseForms=kom
1913GUEV-1_1_8	naqpule	nag	_	N	trloc|subj3	_	_	_	origText=naqpule,baseForms=nag|pu|le
1913GUEV-1_1_9	che	che	_	N	_	_	_	_	origText=che,baseForms=che
1913GUEV-1_1_10	meu	mew	_	P	P	_	_	_	origText=meu,baseForms=mew
1913GUEV-1_1_11	.	.	PUNCT	PUNCT	_	_	_	_	_

1913GUEV-1_2_1	Tremi	tremün	_	V	ind3	_	_	_	origText=Tremi,baseForms=trem|iy
1913GUEV-1_2_2	ta	ta	_	DA	DA	_	_	_	origText=ta,baseForms=ta
1913GUEV-1_2_3	Remeweiko	Remeweyko	_	NP	_	_	_	_	origText=Remeweiko,baseForms=Remeweyko
1913GUEV-1_2_4	meu	mew	_	P	P	_	_	_	origText=meu,baseForms=mew
1913GUEV-1_2_5	Puren	Puren	_	NP	_	_	_	_	origText=Puren,baseForms=Puren
1913GUEV-1_2_6	eŋu	engu	_	PC	3d	_	_	_	origText=eŋu,baseForms=engu
1913GUEV-1_2_7	Lumaco	Lumako	_	NP	_	_	_	_	origText=Lumaco,baseForms=Lumako
1913GUEV-1_2_8	ple	püle	_	N	_	_	_	_	origText=ple,baseForms=püle
1913GUEV-1_2_9	mülelu	mülelu	_	V	svn	_	_	_	origText=mülelu,baseForms=müle|lu
1913GUEV-1_2_10	.	.	PUNCT	PUNCT	_	_	_	_	_

1913GUEV-1_3_1	Kolüpi	Kolüpi	_	NP	_	_	_	_	origText=Kolüpi,baseForms=Kolüpi
1913GUEV-1_3_2	ñi	ñi	_	PP	3	_	_	_	origText=ñi,baseForms=ñi
1913GUEV-1_3_3	chao	chaw	_	N	_	_	_	_	origText=chao,baseForms=chaw
1913GUEV-1_3_4	Weichao	Weychao	_	NP	_	_	_	_	origText=Weichao,baseForms=Weychao
1913GUEV-1_3_5	piŋefui	pin	_	V	pass|bi|ind3	_	_	_	origText=piŋefui,baseForms=pi|nge|fu|iy
1913GUEV-1_3_6	ka	ka	_	C	C	_	_	_	origText=ka,baseForms=ka
1913GUEV-1_3_7	niefui	nien	_	V	bi|ind3	_	_	_	origText=niefui,baseForms=nie|fu|iy
1913GUEV-1_3_8	ñi	ñi	_	PP	3	_	_	_	origText=ñi,baseForms=ñi
1913GUEV-1_3_9	mapu	mapu	_	N	_	_	_	_	origText=mapu,baseForms=mapu
1913GUEV-1_3_10	fei	fey	_	D	D	_	_	_	origText=fei,baseForms=fey
1913GUEV-1_3_11	meu	mew	_	P	P	_	_	_	origText=meu,baseForms=mew
1913GUEV-1_3_12	.	.	PUNCT	PUNCT	_	_	_	_	_

1930MOES_1_1	Kuifike	kuyfi	_	AV	pl	_	_	_	origText=Kuifike,baseForms=kuyfi|ke
1930MOES_1_2	mapuche	mapuche	_	CN	_	_	_	_	origText=mapuche,baseForms=mapu|che
1930MOES_1_3	yem	em	_	IJ	particle	_	_	_	origText=yem,baseForms=em
1930MOES_1_4	chumŋechi	chumngechi	_	AV	_	_	_	_	origText=chumŋechi,baseForms=chumngechi
1930MOES_1_5	ñi	ñi	_	PP	3	_	_	_	origText=ñi,baseForms=ñi
1930MOES_1_6	admoŋefel	admongel	_	N	bi|nmlz	_	_	_	origText=admoŋefel,baseForms=ad|monge|fu|el
1930MOES_1_7	eŋn	engün	_	PN	3p	_	_	_	origText=eŋn,baseForms=engün
1930MOES_1_8	.	.	PUNCT	PUNCT	_	_	_	_	_

1930MOES_2_1	Kiñe	kiñe	_	NUM	_	_	_	_	origText=Kiñe,baseForms=kiñe
1930MOES_2_2	dëŋu	düngu	_	N	_	_	_	_	origText=dëŋu,baseForms=düngu
1930MOES_2_3	pian	pin	_	V	fut|ind1s	_	_	_	origText=pian,baseForms=pi|a|(ü)n
1930MOES_2_4	:	:	PUNCT	PUNCT	_	_	_	_	_
1930MOES_2_5	Deu	dew	_	AV	_	_	_	_	origText=Deu,baseForms=dew
1930MOES_2_6	füchan	füchan	_	V	ind1s	_	_	_	origText=füchan,baseForms=fücha|(ü)n
1930MOES_2_7	iñche	iñche	_	PN	1s	_	_	_	origText=iñche,baseForms=iñche
1930MOES_2_8	,	,	PUNCT	PUNCT	_	_	_	_	_
1930MOES_2_9	doi	doy	_	AV	_	_	_	_	origText=doi,baseForms=doy
1930MOES_2_10	pura	pura	_	NUM	_	_	_	_	origText=pura,baseForms=pura
1930MOES_2_11	mari	mari	_	NUM	_	_	_	_	origText=mari,baseForms=mari
1930MOES_2_12	tripantu	tripantu	_	N	_	_	_	_	origText=tripantu,baseForms=tripantu
1930MOES_2_13	nielu	nielu	_	N	svn	_	_	_	origText=nielu,baseForms=nie|lu
1930MOES_2_14	trokiuwn	trokin	_	V	reflex|ind1s	_	_	_	origText=trokiuwn,baseForms=troki|(u)w|(ü)n
1930MOES_2_15	.	.	PUNCT	PUNCT	_	_	_	_	_

1930MOES_3_1	Fei	fey	_	D	D	_	_	_	origText=Fei,baseForms=fey
1930MOES_3_2	tëfachi	tüfachi	_	DP	DP	_	_	_	origText=tëfachi,baseForms=tüfachi
1930MOES_3_3	fentren	fentren	_	AV	_	_	_	_	origText=fentren,baseForms=fentren
1930MOES_3_4	ñi	ñi	_	PP	3	_	_	_	origText=ñi,baseForms=ñi
1930MOES_3_5	moŋemum	mongemum	_	N	situ	_	_	_	origText=moŋemum,baseForms=monge|mum
1930MOES_3_6	kimyepafiñ	kimün	_	V	cf|cis|3dir|ind1p	_	_	_	origText=kimyepafiñ,baseForms=kim|ye|pa|fi|(iy)iñ
1930MOES_3_7	ñi	ñi	_	PP	3	_	_	_	origText=ñi,baseForms=ñi
1930MOES_3_8	chumkefel	chumel	_	N	pl|bi|nmlz	_	_	_	origText=chumkefel,baseForms=chum|ke|fu|el
1930MOES_3_9	kuifike	kuyfi	_	AV	pl	_	_	_	origText=kuifike,baseForms=kuyfi|ke
1930MOES_3_10	che	che	_	N	_	_	_	_	origText=che,baseForms=che
1930MOES_3_11	yem	em	_	IJ	particle	_	_	_	origText=yem,baseForms=em
1930MOES_3_12	,	,	PUNCT	PUNCT	_	_	_	_	_
1930MOES_3_13	kom	None	_	None	_	_	_	_	origText=kom,baseForms=
1930MOES_3_14	ñi	ñi	_	PP	3	_	_	_	origText=ñi,baseForms=ñi
1930MOES_3_15	kakeume	kakewme	_	AJ	_	_	_	_	origText=kakeume,baseForms=kakewme
1930MOES_3_16	admoŋefel	admongel	_	N	bi|nmlz	_	_	_	origText=admoŋefel,baseForms=ad|monge|fu|el
1930MOES_3_17	eŋn	engün	_	PN	3p	_	_	_	origText=eŋn,baseForms=engün
1930MOES_3_18	kimnieken	kimnien	_	V	habit	_	_	_	origText=kimnieken,baseForms=kim|nie|ke|(ü)n
1930MOES_3_19	;	;	PUNCT	PUNCT	_	_	_	_	_
1930MOES_3_20	kümeke	küme	_	AJ	p	_	_	_	origText=kümeke,baseForms=küme|ke
1930MOES_3_21	adŋefuingün	adngen	_	N	bi|ind3p	_	_	_	origText=adŋefuingün,baseForms=ad|nge|fu|ingün
1930MOES_3_22	,	,	PUNCT	PUNCT	_	_	_	_	_
1930MOES_3_23	weshake	weda	_	AJ	pl	_	_	_	origText=weshake,baseForms=weda|ke
1930MOES_3_24	ad	ad	_	N	_	_	_	_	origText=ad,baseForms=ad
1930MOES_3_25	ká	ka	_	AV	_	_	_	_	origText=ká,baseForms=ka
1930MOES_3_26	ŋefuingün	ngen	_	V	bi|ind3p	_	_	_	origText=ŋefuingün,baseForms=nge|fu|ingün
1930MOES_3_27	.	.	PUNCT	PUNCT	_	_	_	_	_

