#ID	FORM	LEMMA	UPOSTAG	XPOSTAG	FEATS	HEAD	DEPREL	DEPS	MISC
1	Atapay	atapay	_	NP	_	_	_	_	baseForms=Atapay
2	fücha	fücha	_	AJ	_	_	_	_	baseForms=fücha
3	engu	engu	_	PC	3d	_	_	_	baseForms=engu
4	Konatraru	kon'atraru	_	NP	_	_	_	_	baseForms=kon'a|traru
5	kudekefuingu	kuden	_	V	habit|bi|ind3d	_	_	_	baseForms=kude|ke|fu|ingu
6	pillmatun	pillmatun	_	V	vb|inf	_	_	_	baseForms=pillma|tu|(ü)n
7	-	-	PUNCT	PUNCT	_	_	_	_	_
8	kuden	kuden	_	N	nmlz	_	_	_	baseForms=kude|(ü)n
9	meu	mew	_	P	P	_	_	_	baseForms=mew
10	;	;	PUNCT	PUNCT	_	_	_	_	_
11	fei	fey	_	D	D	_	_	_	baseForms=fey
12	meu	mew	_	P	P	_	_	_	baseForms=mew
13	weuniengekai	wewün	_	V	pass|cont|ind3	_	_	_	baseForms=wew|nie|nge|ka|iy
14	Atapay	atapay	_	NP	_	_	_	_	baseForms=Atapay
15	fücha	fücha	_	AJ	_	_	_	_	baseForms=fücha
16	.	.	PUNCT	PUNCT	_	_	_	_	_

1	Fei	fey	_	D	D	_	_	_	baseForms=fey
2	meu	mew	_	P	P	_	_	_	baseForms=mew
3	"	"	PUNCT	PUNCT	_	_	_	_	_
4	Paliaiyu	palin	_	V	fut|ind1d	_	_	_	baseForms=pali|a|iyu
5	"	"	PUNCT	PUNCT	_	_	_	_	_
6	pi	pin	_	V	ind3	_	_	_	baseForms=pi|iy
7	Atapay	atapay	_	NP	_	_	_	_	baseForms=Atapay
8	fücha	fücha	_	AJ	_	_	_	_	baseForms=fücha
9	.	.	PUNCT	PUNCT	_	_	_	_	_
10	“	“	PUNCT	PUNCT	_	_	_	_	_
11	Konatuan	kon'atun	_	V	vb|fut|ind1s	_	_	_	baseForms=kon'a|tu|a|n
12	Pishmaiwile	pishmaiwile	_	NP	_	_	_	_	baseForms=pishmaiwile
13	engu	engu	_	PC	3d	_	_	_	baseForms=engu
14	Konküimawile	konküimawile	_	NP	_	_	_	_	baseForms=konkïmawile
15	,	,	PUNCT	PUNCT	_	_	_	_	_
16	ka	ka	_	C	particle	_	_	_	baseForms=ka
17	Füchá-ñamku	füchá-ñamku	_	NP	_	_	_	_	baseForms=fücha|ñamku
18	engu	engu	_	PC	3d	_	_	_	baseForms=engu
19	Pichi-ñamku	pichi-ñamco	_	NP	_	_	_	_	baseForms=pichi|ñamku
20	,	,	PUNCT	PUNCT	_	_	_	_	_
21	Meñcholongko	meñcholongko	_	NP	_	_	_	_	baseForms=None
22	feyengn	feyengün	_	PN	3p	_	_	_	baseForms=feyengün
23	kümeke	küme	_	AJ	p	_	_	_	baseForms=küme|ke
24	palife	palife	_	N	agent	_	_	_	baseForms=pali|fe
25	”	”	PUNCT	PUNCT	_	_	_	_	_
26	,	,	PUNCT	PUNCT	_	_	_	_	_
27	pi	pin	_	V	ind3	_	_	_	baseForms=pi|iy
28	Atapay	atapay	_	NP	_	_	_	_	baseForms=Atapay
29	fücha	fücha	_	AJ	_	_	_	_	baseForms=fücha
30	.	.	PUNCT	PUNCT	_	_	_	_	_

1	Konatraru	kon'atraru	_	NP	_	_	_	_	baseForms=kon'a|traru
2	kongatui	kon'atun	_	V	vb|ind3	_	_	_	baseForms=kon'a|tu|iy
3	Kaimeñ-traru	kaimeñ-traru	_	NP	_	_	_	_	baseForms=kaimeñ|traru
4	engu	engu	_	PC	3d	_	_	_	baseForms=engu
5	Chiukü	chiukü	_	NP	_	_	_	_	baseForms=chiukü
6	.	.	PUNCT	PUNCT	_	_	_	_	_
7	“	“	PUNCT	PUNCT	_	_	_	_	_
8	Feyengn	feyengün	_	PN	3p	_	_	_	baseForms=feyengün
9	alüngeingn	al'üngen	_	V	vb|ind3p	_	_	_	baseForms=al'ü(n)|nge|ingun
10	”	”	PUNCT	PUNCT	_	_	_	_	_
11	,	,	PUNCT	PUNCT	_	_	_	_	_
12	pi	pin	_	V	ind3	_	_	_	baseForms=pi|iy
13	Konatraru	kon'atraru	_	NP	_	_	_	_	baseForms=kon'a|traru
14	.	.	PUNCT	PUNCT	_	_	_	_	_

1	Fei	fey	_	D	D	_	_	_	baseForms=fey
2	meu	mew	_	P	P	_	_	_	baseForms=mew
3	élantüingn	elantün	_	V	ind3p	_	_	_	baseForms=el|antü|ingün
4	,	,	PUNCT	PUNCT	_	_	_	_	_
5	komque	kom	_	AV	p	_	_	_	baseForms=kom|ke
6	Domingo	domingo	_	N	_	_	_	_	baseForms=domingo
7	antü	antü	_	N	_	_	_	_	baseForms=antü
8	ñi	ñi	_	PP	3	_	_	_	baseForms=ñi
9	paliael	paliel	_	N	fut|nmlz	_	_	_	baseForms=pali|a|el
10	.	.	PUNCT	PUNCT	_	_	_	_	_

1	Atapay	atapay	_	NP	_	_	_	_	baseForms=Atapay
2	fücha	fücha	_	AJ	_	_	_	_	baseForms=fücha
3	doy	doy	_	AV	_	_	_	_	baseForms=doy
4	kümeke	küme	_	AJ	p	_	_	_	baseForms=küme|ke
5	kon·a	kon'a	_	N	_	_	_	_	baseForms=kon'a
6	kintui	kintun	_	V	_	_	_	_	baseForms=kintu|iy
7	:	:	PUNCT	PUNCT	_	_	_	_	_
8	Pishmaiwile	pishmaiwile	_	NP	_	_	_	_	baseForms=pishmaiwile
9	engu	engu	_	PC	3d	_	_	_	baseForms=engu
10	Konküimawile	konküimawile	_	NP	_	_	_	_	baseForms=konkïmawile
11	,	,	PUNCT	PUNCT	_	_	_	_	_
12	küme	küme	_	AJ	_	_	_	_	baseForms=küme
13	palife	palife	_	N	agent	_	_	_	baseForms=pali|fe
14	”	”	PUNCT	PUNCT	_	_	_	_	_
15	,	,	PUNCT	PUNCT	_	_	_	_	_
16	.	.	PUNCT	PUNCT	_	_	_	_	_
17	Pishmaiwile	pishmaiwile	_	NP	_	_	_	_	baseForms=pishmaiwile
18	yepkal	yegkal	_	N	_	_	_	_	baseForms=yegkal
19	ngei	ngen	_	V	ind3	_	_	_	baseForms=nge|iy
20	,	,	PUNCT	PUNCT	_	_	_	_	_
21	Konküimawile	konküimawile	_	NP	_	_	_	_	baseForms=konkïmawile
22	,	,	PUNCT	PUNCT	_	_	_	_	_
23	inátrən	inatrüpun	_	N	nmlz	_	_	_	baseForms=ina|trüpu|(ü)n
24	,	,	PUNCT	PUNCT	_	_	_	_	_
25	molpenulu	molülu	_	AJ	px|neg|svn	_	_	_	baseForms=mol|pe|no|lu
26	pali	pali	_	N	_	_	_	_	baseForms=pali
27	.	.	PUNCT	PUNCT	_	_	_	_	_

1	Feiwəla	feywüla	_	AV	D	_	_	_	baseForms=fey|wüla
2	Atapay	atapay	_	NP	_	_	_	_	baseForms=Atapay
3	fücha	fücha	_	AJ	_	_	_	_	baseForms=fücha
4	weukəlerpui	wewün	_	V	prog|trloc|ind3	_	_	_	baseForms=wew|(kü)le|pu|iy
5	,	,	PUNCT	PUNCT	_	_	_	_	_
6	alünke	al'ün	_	AJ	p	_	_	_	baseForms=al'ü(n)|ke
7	plata	plata	_	N	_	_	_	_	baseForms=plata
8	ka	ka	_	C	particle	_	_	_	baseForms=ka
9	kulliñ	kulliñ	_	N	_	_	_	_	baseForms=kulliñ
10	nürpui	nün	_	V	trloc2|ind3	_	_	_	baseForms=nü|rpu|iy
11	.	.	PUNCT	PUNCT	_	_	_	_	_

1	Fei	fey	_	D	D	_	_	_	baseForms=fey
2	meu	mew	_	P	P	_	_	_	baseForms=mew
3	kiñe	kiñe	_	NUM	_	_	_	_	baseForms=kiñe
4	antü	antü	_	N	_	_	_	_	baseForms=antü
5	,	,	PUNCT	PUNCT	_	_	_	_	_
6	rupan	rupan	_	AV	nmlz	_	_	_	baseForms=rupa|(ü)n
7	palíuma	palin	_	V	part	_	_	_	baseForms=pali|uma
8	,	,	PUNCT	PUNCT	_	_	_	_	_
9	Pishmaiwile	pishmaiwile	_	NP	_	_	_	_	baseForms=pishmaiwile
10	"	"	PUNCT	PUNCT	_	_	_	_	_
11	élmadəngungei	elmadüngun	_	V	pass|ind3	_	_	_	baseForms=elma|düngu|nge|iy
12	ñi	ñi	_	PP	3	_	_	_	baseForms=ñi
13	lloftungeael	lloftun	_	N	pass|fut|nmlz	_	_	_	baseForms=lloftu|nge|a|el
14	,	,	PUNCT	PUNCT	_	_	_	_	_
15	nüngele	nün	_	V	pass|subj3s	_	_	_	baseForms=nü|nge|le
16	,	,	PUNCT	PUNCT	_	_	_	_	_
17	ñi	ñi	_	PP	3	_	_	_	baseForms=ñi
18	yengeael	yen	_	N	pass|fut|nmlz	_	_	_	baseForms=nge|a|el
19	afn-mapu	afün-mapu	_	CN	_	_	_	_	baseForms=afn|mapu
20	.	.	PUNCT	PUNCT	_	_	_	_	_

1	¡	¡	PUNCT	PUNCT	_	_	_	_	_
2	Fei	fey	_	D	D	_	_	_	baseForms=fey
3	meu	mew	_	P	P	_	_	_	baseForms=mew
4	pichi	pichi	_	AJ	_	_	_	_	baseForms=pichi
5	pun·	pun'	_	N	_	_	_	_	baseForms=pun'
6	mandai	mandan	_	V	ind3	_	_	_	baseForms=manda|iy
7	ñi	ñi	_	PP	3	_	_	_	baseForms=ñi
8	ngətantulngeael	ngütantuel	_	N	cause|pass|fut|nmlz	_	_	_	baseForms=ngütantu|(ü)l|nge|a|el
9	.	.	PUNCT	PUNCT	_	_	_	_	_

1	“	“	PUNCT	PUNCT	_	_	_	_	_
2	məté	müt'e	_	AV	_	_	_	_	baseForms=müt'e
3	ürkülen	ürkün	_	V	prog|ind1s	_	_	_	baseForms=ürku|(kü)le|(ü)n
4	ñi	ñi	_	PP	1s	_	_	_	baseForms=ñi
5	palímon	palin	_	V	ind2d/p-1s	_	_	_	baseForms=pali|mun
6	,	,	PUNCT	PUNCT	_	_	_	_	_
7	umautuan	umawtun	_	V	vb|fut|ind1s	_	_	_	baseForms=umaw|tu|a|(ü)n
8	”	”	PUNCT	PUNCT	_	_	_	_	_
9	,	,	PUNCT	PUNCT	_	_	_	_	_
10	pí	pin	_	V	ind3	_	_	_	baseForms=pi|iy
11	Pishmaiwile	pishmaiwile	_	NP	_	_	_	_	baseForms=pishmaiwile
12	;	;	PUNCT	PUNCT	_	_	_	_	_
13	witrai	witran	_	V	ind3	_	_	_	baseForms=witra|iy
14	,	,	PUNCT	PUNCT	_	_	_	_	_
15	amui	amun	_	V	ind3	_	_	_	baseForms=amu|iy
16	wekun	wekun	_	AV	_	_	_	_	baseForms=wekun
17	willüwillütualu	willüwillütun	_	V	vb|fut|svn	_	_	_	baseForms=willü|willü|tu|a|lu
18	.	.	PUNCT	PUNCT	_	_	_	_	_

1	Konatraru	kon'atraru	_	NP	_	_	_	_	baseForms=kon'a|traru
2	lloftuniefeyeu	lloftun	_	V	psist|indinv3-3	_	_	_	baseForms=lloftu|nief|eyew
3	wəlngiñ	wülngiñ	_	N	_	_	_	_	baseForms=wülngiñ
4	meu	mew	_	P	P	_	_	_	baseForms=mew
5	.	.	PUNCT	PUNCT	_	_	_	_	_
6	Fei	fey	_	D	D	_	_	_	baseForms=fey
7	nüruleyeu	nürulün	_	V	indinv3-3	_	_	_	baseForms=nü|rul/wül|eyew
8	Konatraru	kon'atraru	_	NP	_	_	_	_	baseForms=kon'a|traru
9	,	,	PUNCT	PUNCT	_	_	_	_	_
10	trarüñmangei	trarün	_	V	appl|pass|ind3	_	_	_	baseForms=trar|(ü)ñma|nge|iy
11	ñi	ñi	_	PP	3	_	_	_	baseForms=ñi
12	kup	kug	_	N	_	_	_	_	baseForms=kug
13	,	,	PUNCT	PUNCT	_	_	_	_	_
14	meñkueyeu	meñkun	_	V	indinv3-3	_	_	_	baseForms=None|eyew
15	Konatraru	kon'atraru	_	NP	_	_	_	_	baseForms=kon'a|traru
16	,	,	PUNCT	PUNCT	_	_	_	_	_
17	yengei	yen	_	V	pass|ind3	_	_	_	baseForms=nge|iy
18	afn-mapu	afün-mapu	_	CN	_	_	_	_	baseForms=afn|mapu
19	.	.	PUNCT	PUNCT	_	_	_	_	_

1	Fentren	fentren	_	AV	_	_	_	_	baseForms=fentren
2	meu	mew	_	P	P	_	_	_	baseForms=mew
3	trawəfeyeu	trawün	_	V	bi|indinv3-3	_	_	_	baseForms=traw|fu|eyew
4	Meñcholongko	meñcholongko	_	NP	_	_	_	_	baseForms=meñcholonko
5	;	;	PUNCT	PUNCT	_	_	_	_	_
6	məntungefui	müntun	_	V	pass|bi|ind3	_	_	_	baseForms=müntu|nge|fu|iy
7	,	,	PUNCT	PUNCT	_	_	_	_	_
8	yengerpulai	yen	_	V	pass|trloc2|neg|ind3	_	_	_	baseForms=ye|nge|rpu|la|iy
9	Traru	traru	_	NP	_	_	_	_	baseForms=traru
10	.	.	PUNCT	PUNCT	_	_	_	_	_

1	Yerpunulu	yen	_	V	trloc2|neg|svn	_	_	_	baseForms=rpu|no|lu
2	afeluwí	afelün	_	V	appl|reflex|ind3	_	_	_	baseForms=af|(l)el|(u)w|iy
3	Meñcholongko	meñcholongko	_	NP	_	_	_	_	baseForms=meñcholonko
4	.	.	PUNCT	PUNCT	_	_	_	_	_
5	Amolei	amun	_	V	prog|ind3	_	_	_	baseForms=amu|(kü)le|iy
6	Konatraro	kon'atraru	_	NP	_	_	_	_	baseForms=kon'a|traru
7	,	,	PUNCT	PUNCT	_	_	_	_	_
8	yeniei	yen	_	V	psist|ind3	_	_	_	baseForms=ye|nie|iy
9	ñi	ñi	_	PP	1s	_	_	_	baseForms=ñi
10	Pishmaiwile	pishmaiwile	_	NP	_	_	_	_	baseForms=pishmaiwile
11	.	.	PUNCT	PUNCT	_	_	_	_	_

1	Wəlá	wüla	_	AV	_	_	_	_	baseForms=wüla
2	ká	ka	_	C	particle	_	_	_	baseForms=ka
3	traweyeu	trawün	_	V	indinv3-3	_	_	_	baseForms=traw|eyew
4	kake	ka	_	AJ	p	_	_	_	baseForms=ka|ke
5	Meñcholongko	meñcholongko	_	NP	_	_	_	_	baseForms=meñcholonko
6	.	.	PUNCT	PUNCT	_	_	_	_	_

1	Feyengn	feyengün	_	PN	3p	_	_	_	baseForms=feyengün
2	trürəm	trürüm	_	N	_	_	_	_	baseForms=trürüm
3	-	-	PUNCT	PUNCT	_	_	_	_	_
4	ngənen	ngünen	_	N	_	_	_	_	baseForms=ngünen
5	-	-	PUNCT	PUNCT	_	_	_	_	_
6	elfingn	elün	_	V	dir3|ind3p	_	_	_	baseForms=el|fi|ingün
7	.	.	PUNCT	PUNCT	_	_	_	_	_
8	"	"	PUNCT	PUNCT	_	_	_	_	_
9	¿	¿	PUNCT	PUNCT	_	_	_	_	_
10	Chumngechi	chumngechi	_	AV	_	_	_	_	baseForms=chumngechi
11	dəngu	düngu	_	N	_	_	_	_	baseForms=düngu
12	kam	kam	_	IP	particle	_	_	_	baseForms=kam
13	pepikalafiiñ	pepikan	_	V	neg|dir3|ind1p	_	_	_	baseForms=pepika|la|fi|(iy)iñ
14	iñ	iñ	_	PP	1p	_	_	_	baseForms=iñ
15	məntuafiüm	müntun	_	V	dir3|nonfin	_	_	_	baseForms=müntu|None|fi|yüm
16	təfachi	tüfachi	_	DP	DP	_	_	_	baseForms=tüfachi
17	Traru	traru	_	NP	_	_	_	_	baseForms=traru
18	?	?	PUNCT	PUNCT	_	_	_	_	_
19	”	”	PUNCT	PUNCT	_	_	_	_	_
20	,	,	PUNCT	PUNCT	_	_	_	_	_
21	pingn	pin	_	V	ind3p	_	_	_	baseForms=pi|engün
22	.	.	PUNCT	PUNCT	_	_	_	_	_

1	Fei	fey	_	D	D	_	_	_	baseForms=fey
2	meu	mew	_	P	P	_	_	_	baseForms=mew
3	kiñechi	kiñechi	_	AV	DA	_	_	_	baseForms=kiñe|chi
4	fei	fey	_	D	D	_	_	_	baseForms=fey
5	Meñcholongko	meñcholongko	_	NP	_	_	_	_	baseForms=meñcholonko
6	pí	pin	_	V	ind3	_	_	_	baseForms=pi|iy
7	:	:	PUNCT	PUNCT	_	_	_	_	_
8	“	“	PUNCT	PUNCT	_	_	_	_	_
9	Wallma kənuafiiñ	wallma	_	V	appl|fut|dir3|ind1p	_	_	_	baseForms=wall|(üñ)ma|künu|a|fi|(iy)iñ
10	,	,	PUNCT	PUNCT	_	_	_	_	_
11	fei	fey	_	D	D	_	_	_	baseForms=fey
12	künchol-kawel-elafiiñ	küntrol-kawell-elün	_	V	cause|fut|dir3|ind1p	_	_	_	baseForms=küntro|(ü)l|kawell|el|a|fi|(iy)iñ
13	.	.	PUNCT	PUNCT	_	_	_	_	_
14	Fei	fey	_	D	D	_	_	_	baseForms=fey
15	wallke	wallke	_	N	p	_	_	_	baseForms=wall|ke
16	adkintule	adkintun	_	V	subj3s	_	_	_	baseForms=adkintu|le
17	,	,	PUNCT	PUNCT	_	_	_	_	_
18	fei	fey	_	D	D	_	_	_	baseForms=fey
19	kiñe	kiñe	_	NUM	_	_	_	_	baseForms=kiñe
20	furi	furi	_	N	_	_	_	_	baseForms=furi
21	meu	mew	_	P	P	_	_	_	baseForms=mew
22	amoleai	amun	_	V	prog|fut|ind3	_	_	_	baseForms=amu|(kü)le|a|iy
23	feluke	feluke	_	N	_	_	_	_	baseForms=feluke
24	yengu	engu	_	PC	3d	_	_	_	baseForms=engu
25	;	;	PUNCT	PUNCT	_	_	_	_	_
26	fei	fey	_	D	D	_	_	_	baseForms=fey
27	ñi	ñi	_	PP	3	_	_	_	baseForms=ñi
28	wallke	wallke	_	N	p	_	_	_	baseForms=wall|ke
29	adkintun	adkintun	_	N	nmlz	_	_	_	baseForms=adkintu|(ü)n
30	katrüñmangeai	katrün	_	V	appl|pass|fut|ind3	_	_	_	baseForms=katr|(üñ)ma|nge|a|iy
31	ñi	ñi	_	PP	3	_	_	_	baseForms=ñi
32	trarün	trarün	_	N	nmlz	_	_	_	baseForms=trar|(ü)n
33	kup	kug	_	N	_	_	_	_	baseForms=kug
34	Pishmaiwile	pishmaiwile	_	NP	_	_	_	_	baseForms=pishmaiwile
35	.	.	PUNCT	PUNCT	_	_	_	_	_
36	Fei	fey	_	D	D	_	_	_	baseForms=fey
37	witrákənulngeai	witran	_	V	cause|pass|fut|ind3	_	_	_	baseForms=witra|künu|(ü)l|nge|a|iy
38	feluke	feluke	_	N	_	_	_	_	baseForms=feluke
39	,	,	PUNCT	PUNCT	_	_	_	_	_
40	Pishmaiwile	pishmaiwile	_	NP	_	_	_	_	baseForms=pishmaiwile
41	kishu	kishu	_	RP	3	_	_	_	baseForms=kishu/kidu
42	katrü-pel-afi	katrün	_	V	fut|dir3|ind3	_	_	_	baseForms=katr|pel'|a|fi|iy
43	chi	chi	_	DA	DA	_	_	_	baseForms=chi
44	Traru	traru	_	NP	_	_	_	_	baseForms=traru
45	;	;	PUNCT	PUNCT	_	_	_	_	_
46	femngechi	femngechi	_	AV	_	_	_	_	baseForms=femngechi
47	montuai	montun	_	V	fut|ind3	_	_	_	baseForms=montu|a|iy
48	”	”	PUNCT	PUNCT	_	_	_	_	_
49	,	,	PUNCT	PUNCT	_	_	_	_	_
50	pingei	pin	_	V	pass|ind3	_	_	_	baseForms=pi|nge|iy
51	Pishmaiwile	pishmaiwile	_	NP	_	_	_	_	baseForms=pishmaiwile
52	.	.	PUNCT	PUNCT	_	_	_	_	_

1	Femngechi	femngechi	_	AV	_	_	_	_	baseForms=femngechi
2	künchol-kawell-elngei	küntrol-kawell-elün	_	V	cause|pass|ind3	_	_	_	baseForms=küntro|(ü)l|kawell|el|nge|iy
3	.	.	PUNCT	PUNCT	_	_	_	_	_
4	Traru	traru	_	NP	_	_	_	_	baseForms=traru
5	.	.	PUNCT	PUNCT	_	_	_	_	_
6	Fei	fey	_	D	D	_	_	_	baseForms=fey
7	meu	mew	_	P	P	_	_	_	baseForms=mew
8	wallke	wallke	_	N	p	_	_	_	baseForms=wall|ke
9	kintui	kintun	_	V	ind3	_	_	_	baseForms=kintu|iy
10	Traru	traru	_	NP	_	_	_	_	baseForms=traru
11	.	.	PUNCT	PUNCT	_	_	_	_	_
12	Petu	petu	_	AV	particle	_	_	_	baseForms=petu
13	ñi	ñi	_	PP	3	_	_	_	baseForms=ñi
14	wallke	wallke	_	AV	p	_	_	_	baseForms=wall|ke
15	kintun	kintun	_	N	nmlz	_	_	_	baseForms=kintu|(ü)n
16	,	,	PUNCT	PUNCT	_	_	_	_	_
17	fei	fey	_	D	D	_	_	_	baseForms=fey
18	meu	mew	_	P	P	_	_	_	baseForms=mew
19	Pishmaiwile	pishmaiwile	_	NP	_	_	_	_	baseForms=pishmaiwile
20	ñi	ñi	_	PP	3	_	_	_	baseForms=ñi
21	trarün	trarün	_	N	nmlz	_	_	_	baseForms=trar|(ü)n
22	kup	kug	_	N	_	_	_	_	baseForms=kug
23	katrüñmangeai	katrün	_	V	appl|pass|fut|ind3	_	_	_	baseForms=katr|(üñ)ma|nge|a|iy
24	.	.	PUNCT	PUNCT	_	_	_	_	_
25	Elungei	elun	_	V	pass|ind3	_	_	_	baseForms=elu|nge|iy
26	feluke	feluke	_	N	_	_	_	_	baseForms=feluke
27	Pishmaiwile	pishmaiwile	_	NP	_	_	_	_	baseForms=pishmaiwile
28	;	;	PUNCT	PUNCT	_	_	_	_	_
29	femngechi	femngechi	_	AV	_	_	_	_	baseForms=femngechi
30	katrüñmangeai	katrün	_	V	appl|pass|fut|ind3	_	_	_	baseForms=katr|(üñ)ma|nge|a|iy
31	ñi	ñi	_	PP	3	_	_	_	baseForms=ñi
32	pel	pel'	_	N	_	_	_	_	baseForms=pel'
33	Traru	traru	_	NP	_	_	_	_	baseForms=traru
34	,	,	PUNCT	PUNCT	_	_	_	_	_
35	Fei	fey	_	D	D	_	_	_	baseForms=fey
36	meu	mew	_	P	P	_	_	_	baseForms=mew
37	montui	montun	_	V	ind3	_	_	_	baseForms=montu|iy
38	”	”	PUNCT	PUNCT	_	_	_	_	_
39	Pishmaiwile	pishmaiwile	_	NP	_	_	_	_	baseForms=pishmaiwile
40	.	.	PUNCT	PUNCT	_	_	_	_	_

1	Fei	fey	_	D	D	_	_	_	baseForms=fey
2	meu	mew	_	P	P	_	_	_	baseForms=mew
3	Pishmaiwile	pishmaiwile	_	NP	_	_	_	_	baseForms=pishmaiwile
4	fei	fey	_	D	D	_	_	_	baseForms=fey
5	pi	pin	_	V	ind3	_	_	_	baseForms=pi|iy
6	:	:	PUNCT	PUNCT	_	_	_	_	_
7	“	“	PUNCT	PUNCT	_	_	_	_	_
8	Təfachi	tüfachi	_	DP	DP	_	_	_	baseForms=tüfachi
9	Traru	traru	_	NP	_	_	_	_	baseForms=traru
10	küpalfeneu	küpalün	_	V	cause|bi|ind3-1s	_	_	_	baseForms=küpa|(ü)l|fu|enew
11	ñi	ñi	_	PP	3	_	_	_	baseForms=ñi
12	langəmmeaeteu	l'angümün	_	V	cause|and|fut|invNF3	_	_	_	baseForms=l'a|üm|me|s|etew
13	afn-mapu	afün-mapu	_	CN	_	_	_	_	baseForms=afn|mapu
14	.	.	PUNCT	PUNCT	_	_	_	_	_
15	Féula	fewla	_	AV	_	_	_	_	baseForms=fewla
16	montun	montun	_	V	ind1s	_	_	_	baseForms=montu|(ü)n
17	”	”	PUNCT	PUNCT	_	_	_	_	_
18	iñche	iñche	_	PN	1s	_	_	_	baseForms=iñche
19	.	.	PUNCT	PUNCT	_	_	_	_	_
20	Nentuñmaiafiñ	nentun	_	V	tr|fut|dir3|ind1s	_	_	_	baseForms=nentu|(ñ)ma|a|fi|(ü)n
21	ñi	ñi	_	PP	3	_	_	_	baseForms=ñi
22	ngé	nge	_	N	_	_	_	_	baseForms=nge
23	ká	ka	_	C	particle	_	_	_	baseForms=ka
24	ñi	ñi	_	PP	3	_	_	_	baseForms=ñi
25	məpü	müpü	_	N	_	_	_	_	baseForms=müpü
26	”	”	PUNCT	PUNCT	_	_	_	_	_
27	,	,	PUNCT	PUNCT	_	_	_	_	_
28	pí	pin	_	V	ind3	_	_	_	baseForms=pi|iy
29	Pishmaiwile	pishmaiwile	_	NP	_	_	_	_	baseForms=pishmaiwile
30	.	.	PUNCT	PUNCT	_	_	_	_	_

1	Femngechi	femngechi	_	AV	_	_	_	_	baseForms=femngechi
2	mai	may	_	AV	_	_	_	_	baseForms=may
3	Nentuñmangei	nentun	_	V	tr|pass|ind3	_	_	_	baseForms=nentu|(ñ)ma|nge|iy
4	ñi	ñi	_	PP	3	_	_	_	baseForms=ñi
5	ngé	nge	_	N	_	_	_	_	baseForms=nge
6	yem	em	_	IJ	particle	_	_	_	baseForms=em
7	ká	ka	_	C	particle	_	_	_	baseForms=ka
8	ñi	ñi	_	PP	3	_	_	_	baseForms=ñi
9	məpü	müpü	_	N	_	_	_	_	baseForms=müpü
10	yem	em	_	IJ	particle	_	_	_	baseForms=em
11	Konatraru	kon'atraru	_	NP	_	_	_	_	baseForms=kon'a|traru
12	.	.	PUNCT	PUNCT	_	_	_	_	_

1	Pishmaiwile	pishmaiwile	_	NP	_	_	_	_	baseForms=pishmaiwile
2	feichi	feichi	_	D	D|DA	_	_	_	baseForms=fey|chi
3	ngé	nge	_	N	_	_	_	_	baseForms=nge
4	paliyefí	paliyen	_	V	vb|dir3|ind3	_	_	_	baseForms=pali|je|fi|iy
5	,	,	PUNCT	PUNCT	_	_	_	_	_
6	chi	chi	_	DA	DA	_	_	_	baseForms=chi
7	məpü	müpü	_	N	_	_	_	_	baseForms=müpü
8	wəñófi	wüñon	_	V	dir3|ind3	_	_	_	baseForms=wüño|fi|iy
9	.	.	PUNCT	PUNCT	_	_	_	_	_

1	Wəlá	wüla	_	AV	_	_	_	_	baseForms=wüla
2	Pishmaiwile	pishmaiwile	_	NP	_	_	_	_	baseForms=pishmaiwile
3	:	:	PUNCT	PUNCT	_	_	_	_	_
4	"	"	PUNCT	PUNCT	_	_	_	_	_
5	Gracias	gracias	_	AV	_	_	_	_	baseForms=gracias,wordLang=spa
6	mai	may	_	AV	_	_	_	_	baseForms=may
7	,	,	PUNCT	PUNCT	_	_	_	_	_
8	pu	pu	_	PL	particle	_	_	_	baseForms=pu
9	wen	wen'üy	_	N	_	_	_	_	baseForms=wen'üy
10	.	.	PUNCT	PUNCT	_	_	_	_	_
11	Eimn	eymün	_	PN	2p	_	_	_	baseForms=eymün
12	mn	mün	_	PP	2p	_	_	_	baseForms=mün
13	yeumewn	yeumen	_	N	_	_	_	_	baseForms=yeumen
14	meu	mew	_	P	P	_	_	_	baseForms=mew
15	,	,	PUNCT	PUNCT	_	_	_	_	_
16	ngənen	ngünen	_	N	_	_	_	_	baseForms=ngünen
17	meu	mew	_	P	P	_	_	_	baseForms=mew
18	,	,	PUNCT	PUNCT	_	_	_	_	_
19	montun	montun	_	V	ind1s	_	_	_	baseForms=montu|(ü)n
20	ñi	ñi	_	PP	3	_	_	_	baseForms=ñi
21	lápuael	l'an	_	N	trloc|fut|nmlz	_	_	_	baseForms=l'a|pu|a|el
22	afn-mapu	afün-mapu	_	CN	_	_	_	_	baseForms=afn|mapu
23	"	"	PUNCT	PUNCT	_	_	_	_	_
24	,	,	PUNCT	PUNCT	_	_	_	_	_
25	pingei	pin	_	V	pass|ind3	_	_	_	baseForms=pi|nge|iy
26	pu	pu	_	PL	particle	_	_	_	baseForms=pu
27	Meñcholongko	meñcholongko	_	NP	_	_	_	_	baseForms=meñcholonko
28	.	.	PUNCT	PUNCT	_	_	_	_	_
29	Femngechi	femngechi	_	AV	_	_	_	_	baseForms=femngechi
30	chaliwingu	chalin	_	V	reflex|ind3d	_	_	_	baseForms=None|(u)w|ingu
31	.	.	PUNCT	PUNCT	_	_	_	_	_

1	Féula	fewla	_	AV	_	_	_	_	baseForms=fewla
2	küpatui	küpatun	_	V	rest|ind3	_	_	_	baseForms=küpa|tu|iy
3	Pishmaiwile	pishmaiwile	_	NP	_	_	_	_	baseForms=pishmaiwile
4	kiñe	kiñe	_	NUM	_	_	_	_	baseForms=kiñe
5	füchá	fücha	_	AJ	_	_	_	_	baseForms=fücha
6	trongli	trongli	_	AJ	_	_	_	_	baseForms=trongli
7	kawellu	kawellu	_	N	_	_	_	_	baseForms=kawellu
8	meu	mew	_	P	P	_	_	_	baseForms=mew
9	,	,	PUNCT	PUNCT	_	_	_	_	_
10	ká	ka	_	C	particle	_	_	_	baseForms=ka
11	werai	wedan	_	V	ind3	_	_	_	baseForms=weda|iy
12	ñi	ñi	_	PP	3	_	_	_	baseForms=ñi
13	furi	furi	_	N	_	_	_	_	baseForms=furi
14	chi	chi	_	DA	DA	_	_	_	baseForms=chi
15	kawellu	kawellu	_	N	_	_	_	_	baseForms=kawellu
16	,	,	PUNCT	PUNCT	_	_	_	_	_
17	Fentren	fentren	_	AV	_	_	_	_	baseForms=fentren
18	komke	kom	_	AV	p	_	_	_	baseForms=kom|ke
19	antü	antü	_	N	_	_	_	_	baseForms=antü
20	ka	ka	_	C	particle	_	_	_	baseForms=ka
21	Fentren	fentren	_	AV	_	_	_	_	baseForms=fentren
22	tripantu	tripantu	_	N	_	_	_	_	baseForms=tripantu
23	kam	kam	_	IP	particle	_	_	_	baseForms=kam
24	küpatulu	küpatun	_	V	rest|svn	_	_	_	baseForms=küpa|tu|lu
25	Pishmaiwile	pishmaiwile	_	NP	_	_	_	_	baseForms=pishmaiwile
26	.	.	PUNCT	PUNCT	_	_	_	_	_

1	Wəla	wüla	_	AV	_	_	_	_	baseForms=wüla
2	ngellu	ngellu	_	AV	_	_	_	_	baseForms=ngellu
3	akutui	akutun	_	V	rest|ind3	_	_	_	baseForms=aku|tu|iy
4	ñi	ñi	_	PP	3	_	_	_	baseForms=ñi
5	mapu	mapu	_	N	_	_	_	_	baseForms=mapu
6	;	;	PUNCT	PUNCT	_	_	_	_	_
7	fei	fey	_	D	D	_	_	_	baseForms=fey
8	putui	putun	_	V	rest|ind3	_	_	_	baseForms=pu|tu|iy
9	ñi	ñi	_	PP	3	_	_	_	baseForms=ñi
10	ruká	ruka	_	N	_	_	_	_	baseForms=ruka
11	meu	mew	_	P	P	_	_	_	baseForms=mew
12	,	,	PUNCT	PUNCT	_	_	_	_	_
13	welu	welu	_	AV	_	_	_	_	baseForms=welu
14	pepulai	pepun	_	V	trloc|neg|ind3	_	_	_	baseForms=pe|pu|la|iy
15	ñi	ñi	_	PP	3	_	_	_	baseForms=ñi
16	kure	kure	_	N	_	_	_	_	baseForms=kure
17	.	.	PUNCT	PUNCT	_	_	_	_	_
18	Fei	fey	_	D	D	_	_	_	baseForms=fey
19	umaputui	uman	_	V	trloc|rest|ind3	_	_	_	baseForms=uma|pu|tu|iy
20	ñi	ñi	_	PP	3	_	_	_	baseForms=ñi
21	ruká	ruka	_	N	_	_	_	_	baseForms=ruka
22	meu	mew	_	P	P	_	_	_	baseForms=mew
23	.	.	PUNCT	PUNCT	_	_	_	_	_

1	Uman	uman	_	V	ind1s	_	_	_	baseForms=uma|(ü)n
2	meu	mew	_	P	P	_	_	_	baseForms=mew
3	amui	amun	_	V	ind3	_	_	_	baseForms=amu|iy
4	Atapay	atapay	_	NP	_	_	_	_	baseForms=Atapay
5	füchá	fücha	_	AJ	_	_	_	_	baseForms=fücha
6	meu	mew	_	P	P	_	_	_	baseForms=mew
7	ñallitualu	llallitun	_	V	fut|svn	_	_	_	baseForms=llallitun|a|lu
8	.	.	PUNCT	PUNCT	_	_	_	_	_

1	Amulelu	amun	_	V	prog|svn	_	_	_	baseForms=amu|(kü)le|lu
2	rəpü	rüpü	_	N	_	_	_	_	baseForms=rüpü
3	meu	mew	_	P	P	_	_	_	baseForms=mew
4	rumei	run	_	V	and|ind3	_	_	_	baseForms=ru|me|iy
5	Shañi	shañi	_	NP	_	_	_	_	baseForms=shañi
6	ñi	ñi	_	PP	3	_	_	_	baseForms=ñi
7	ináruka	inaruka	_	N	prefix	_	_	_	baseForms=ina|ruka
8	.	.	PUNCT	PUNCT	_	_	_	_	_

1	Fei	fey	_	D	D	_	_	_	baseForms=fey
2	kushe	kushe	_	N	_	_	_	_	baseForms=kushe
3	Shañi	shañi	_	NP	_	_	_	_	baseForms=shañi
4	peeyeu	pen	_	V	indinv3-3	_	_	_	baseForms=pe|eyew
5	ñi	ñi	_	PP	3	_	_	_	baseForms=ñi
6	rumen	run	_	N	and|nmlz	_	_	_	baseForms=ru|me|(ü)n
7	.	.	PUNCT	PUNCT	_	_	_	_	_
8	Putulu	putun	_	N	rest|svn	_	_	_	baseForms=pu|tu|lu
9	füchá	fücha	_	AJ	_	_	_	_	baseForms=fücha
10	Shañi	shañi	_	NP	_	_	_	_	baseForms=shañi
11	nütramelngei	nütramün	_	V	appl|pass|ind3	_	_	_	baseForms=nütram|(l)el|nge|iy
12	ñi	ñi	_	PP	3	_	_	_	baseForms=ñi
13	rumen	run	_	N	and|nmlz	_	_	_	baseForms=ru|me|(ü)n
14	.	.	PUNCT	PUNCT	_	_	_	_	_
15	kiñe	kiñe	_	NUM	_	_	_	_	baseForms=kiñe
16	füchá	fücha	_	AJ	_	_	_	_	baseForms=fücha
17	wentru	wentru	_	N	_	_	_	_	baseForms=wentru
18	ináruka	inaruka	_	N	prefix	_	_	_	baseForms=ina|ruka
19	.	.	PUNCT	PUNCT	_	_	_	_	_

1	“	“	PUNCT	PUNCT	_	_	_	_	_
2	Chem	chem	_	WH	particle	_	_	_	baseForms=chem
3	meu	mew	_	P	P	_	_	_	baseForms=mew
4	kam	kam	_	IP	particle	_	_	_	baseForms=kam
5	iñche	iñche	_	PN	1s	_	_	_	baseForms=iñche
6	ñi	ñi	_	PP	3	_	_	_	baseForms=ñi
7	ináruka	inaruka	_	N	prefix	_	_	_	baseForms=ina|ruka
8	rupai	run	_	V	cis|ind3	_	_	_	baseForms=ru|pa|iy
9	feichi	feichi	_	D	D|DA	_	_	_	baseForms=fey|chi
10	chi	chi	_	DA	DA	_	_	_	baseForms=chi
11	wedá	weda	_	AJ	_	_	_	_	baseForms=weda
12	füchá	fücha	_	AJ	_	_	_	_	baseForms=fücha
13	wentru	wentru	_	N	_	_	_	_	baseForms=wentru
14	?	?	PUNCT	PUNCT	_	_	_	_	_
15	”	”	PUNCT	PUNCT	_	_	_	_	_
16	,	,	PUNCT	PUNCT	_	_	_	_	_
17	pí	pin	_	V	ind3	_	_	_	baseForms=pi|iy
18	Shañi	shañi	_	NP	_	_	_	_	baseForms=shañi
19	.	.	PUNCT	PUNCT	_	_	_	_	_

1	Fei	fey	_	D	D	_	_	_	baseForms=fey
2	meu	mew	_	P	P	_	_	_	baseForms=mew
3	puí	pun	_	V	ind3	_	_	_	baseForms=pu|iy
4	Atapay	atapay	_	NP	_	_	_	_	baseForms=Atapay
5	füchá	fücha	_	AJ	_	_	_	_	baseForms=fücha
6	meu	mew	_	P	P	_	_	_	baseForms=mew
7	.	.	PUNCT	PUNCT	_	_	_	_	_
8	“	“	PUNCT	PUNCT	_	_	_	_	_
9	¡	¡	PUNCT	PUNCT	_	_	_	_	_
10	Marimari	marimari	_	IJ	_	_	_	_	baseForms=marimari
11	!	!	PUNCT	PUNCT	_	_	_	_	_
12	,	,	PUNCT	PUNCT	_	_	_	_	_
13	pipui	pin	_	V	ind3	_	_	_	baseForms=pi|pu|iy
14	Pishmaiwile	pishmaiwile	_	NP	_	_	_	_	baseForms=pishmaiwile
15	.	.	PUNCT	PUNCT	_	_	_	_	_

1	Petu	petu	_	AV	particle	_	_	_	baseForms=petu
2	ifui	ín	_	V	bi|ind3	_	_	_	baseForms=i|fu|iy
3	kuen	kuen	_	AJ	_	_	_	_	baseForms=kuen
4	poñü	poñü	_	N	_	_	_	_	baseForms=poñü
5	.	.	PUNCT	PUNCT	_	_	_	_	_
6	Fei	fey	_	D	D	_	_	_	baseForms=fey
7	müchai	müchay	_	AV	_	_	_	_	baseForms=muchay
8	chalimefí	chalin	_	V	and|dir3|ind3	_	_	_	baseForms=None|me|fi|iy
9	Pishmaiwile	pishmaiwile	_	NP	_	_	_	_	baseForms=pishmaiwile
10	.	.	PUNCT	PUNCT	_	_	_	_	_

1	"	"	PUNCT	PUNCT	_	_	_	_	_
2	Naqkawellunge	nagün	_	V	imp2s	_	_	_	baseForms=nag|kawellu|nge
3	mai	may	_	AV	_	_	_	_	baseForms=may
4	,	,	PUNCT	PUNCT	_	_	_	_	_
5	ñañ	ñañ	_	N	_	_	_	_	baseForms=ñañ
6	”	”	PUNCT	PUNCT	_	_	_	_	_
7	,	,	PUNCT	PUNCT	_	_	_	_	_
8	pingei	pin	_	V	pass|ind3	_	_	_	baseForms=pi|nge|iy
9	Pishmaiwile	pishmaiwile	_	NP	_	_	_	_	baseForms=pishmaiwile
10	.	.	PUNCT	PUNCT	_	_	_	_	_

1	"	"	PUNCT	PUNCT	_	_	_	_	_
2	¡	¡	PUNCT	PUNCT	_	_	_	_	_
3	Feyərke	feyürke	_	IJ	_	_	_	_	baseForms=feyürke
4	mai	may	_	AV	_	_	_	_	baseForms=may
5	!	!	PUNCT	PUNCT	_	_	_	_	_
6	”	”	PUNCT	PUNCT	_	_	_	_	_
7	,	,	PUNCT	PUNCT	_	_	_	_	_
8	pí	pin	_	V	ind3	_	_	_	baseForms=pi|iy
9	;	;	PUNCT	PUNCT	_	_	_	_	_
10	Naqkawellí	nagün	_	V	ind3	_	_	_	baseForms=nag|kawellu|iy
11	,	,	PUNCT	PUNCT	_	_	_	_	_
12	konpui	konün	_	V	trloc|ind3	_	_	_	baseForms=kon|pu|iy
13	ruká	ruka	_	N	_	_	_	_	baseForms=ruka
14	meu	mew	_	P	P	_	_	_	baseForms=mew
15	.	.	PUNCT	PUNCT	_	_	_	_	_

1	Atapay	atapay	_	NP	_	_	_	_	baseForms=Atapay
2	fücha	fücha	_	AJ	_	_	_	_	baseForms=fücha
3	kimlafí	kimün	_	V	neg|dir3|ind3	_	_	_	baseForms=kim|la|fi|iy
4	ñi	ñi	_	PP	3	_	_	_	baseForms=ñi
5	wen·üi	wen'üy	_	N	_	_	_	_	baseForms=wen'üy
6	em	em	_	IJ	particle	_	_	_	baseForms=em
7	,	,	PUNCT	PUNCT	_	_	_	_	_
8	Fentren	fentren	_	AV	_	_	_	_	baseForms=fentren
9	füchalu	füchan	_	V	svn	_	_	_	baseForms=fücha|lu
10	kam	kam	_	IP	particle	_	_	_	baseForms=kam
11	Pishmaiwile	pishmaiwile	_	NP	_	_	_	_	baseForms=pishmaiwile
12	.	.	PUNCT	PUNCT	_	_	_	_	_

1	Welu	welu	_	AV	_	_	_	_	baseForms=welu
2	ñi	ñi	_	PP	3	_	_	_	baseForms=ñi
3	kure	kure	_	N	_	_	_	_	baseForms=kure
4	,	,	PUNCT	PUNCT	_	_	_	_	_
5	kinturulfilu	kintun	_	V	dir3|svn	_	_	_	baseForms=kintu|rul|(l)el|fi|lu
6	feichi	feichi	_	D	D|DA	_	_	_	baseForms=fey|chi
7	füchá	fücha	_	AJ	_	_	_	_	baseForms=fücha
8	wentru	wentru	_	N	_	_	_	_	baseForms=wentru
9	,	,	PUNCT	PUNCT	_	_	_	_	_
10	kimufí	kimüwün	_	V	reflex|dir3|ind3	_	_	_	baseForms=kim|(ü)w|fi|iy
11	,	,	PUNCT	PUNCT	_	_	_	_	_
12	kimfí	kimün	_	V	dir3|ind3	_	_	_	baseForms=kim|fi|iy
13	,	,	PUNCT	PUNCT	_	_	_	_	_
14	ñi	ñi	_	PP	3	_	_	_	baseForms=ñi
15	fətáyem	fücha	_	AJ	ex	_	_	_	baseForms=fücha|em
16	ngefel	ngefel	_	N	bi|nmlz	_	_	_	baseForms=fu|el
17	.	.	PUNCT	PUNCT	_	_	_	_	_

1	Fei	fey	_	D	D	_	_	_	baseForms=fey
2	meu	mew	_	P	P	_	_	_	baseForms=mew
3	elungei	elun	_	V	pass|ind3	_	_	_	baseForms=elu|nge|iy
4	iael	iael	_	N	_	_	_	_	baseForms=iael
5	.	.	PUNCT	PUNCT	_	_	_	_	_

1	Fei	fey	_	D	D	_	_	_	baseForms=fey
2	meu	mew	_	P	P	_	_	_	baseForms=mew
3	,	,	PUNCT	PUNCT	_	_	_	_	_
4	petu	petu	_	AV	particle	_	_	_	baseForms=petu
5	ilu	in	_	V	svn	_	_	_	baseForms=i|lu
6	.	.	PUNCT	PUNCT	_	_	_	_	_
7	Atapay	atapay	_	NP	_	_	_	_	baseForms=Atapay
8	fücha	fücha	_	AJ	_	_	_	_	baseForms=fücha
9	ramtufí	ramtun	_	V	dir3|ind3	_	_	_	baseForms=ramtu|fi|iy
10	chi	chi	_	DA	DA	_	_	_	baseForms=chi
11	füchá	fücha	_	AJ	_	_	_	_	baseForms=fücha
12	wentru	wentru	_	N	_	_	_	_	baseForms=wentru
13	cheu	chew	_	WH	_	_	_	_	baseForms=chew
14	kam	kam	_	IP	particle	_	_	_	baseForms=kam
15	ñi	ñi	_	PP	3	_	_	_	baseForms=ñi
16	tuwn	tuwün	_	V	_	_	_	_	baseForms=tuw|(ü)n
17	.	.	PUNCT	PUNCT	_	_	_	_	_

1	“	“	PUNCT	PUNCT	_	_	_	_	_
2	ká	ka	_	AJ	_	_	_	_	baseForms=ka
3	mapu	mapu	_	N	_	_	_	_	baseForms=mapu
4	mai	may	_	AV	_	_	_	_	baseForms=may
5	küpan	küpan	_	V	ind1s	_	_	_	baseForms=küpa|(ü)n
6	”	”	PUNCT	PUNCT	_	_	_	_	_
7	,	,	PUNCT	PUNCT	_	_	_	_	_
8	pí	pin	_	V	ind3	_	_	_	baseForms=pi|iy
9	Pishmaiwile	pishmaiwile	_	NP	_	_	_	_	baseForms=pishmaiwile
10	.	.	PUNCT	PUNCT	_	_	_	_	_

1	Welu	welu	_	AV	_	_	_	_	baseForms=welu
2	chi	chi	_	DA	DA	_	_	_	baseForms=chi
3	domo	domo	_	N	_	_	_	_	baseForms=domo
4	anümelfi	anün	_	V	cause|appl|dir3|ind3	_	_	_	baseForms=anü|(ü)m|(l)el|fi|iy
5	ñi	ñi	_	PP	3	_	_	_	baseForms=ñi
6	kintun	kintun	_	N	nmlz	_	_	_	baseForms=kintu|(ü)n
7	chi	chi	_	DA	DA	_	_	_	baseForms=chi
8	witran	witran	_	N	nmlz	_	_	_	baseForms=witra|(ü)n
9	.	.	PUNCT	PUNCT	_	_	_	_	_

1	Fei	fey	_	D	D	_	_	_	baseForms=fey
2	meu	mew	_	P	P	_	_	_	baseForms=mew
3	Pishmaiwile	pishmaiwile	_	NP	_	_	_	_	baseForms=pishmaiwile
4	fei	fey	_	D	D	_	_	_	baseForms=fey
5	pí	pin	_	V	ind3	_	_	_	baseForms=pi|iy
6	:	:	PUNCT	PUNCT	_	_	_	_	_
7	məté	müt'e	_	AV	_	_	_	_	baseForms=müt'e
8	lelieneu	lelin	_	V	ind3-1s	_	_	_	baseForms=leli|enew
9	tami	tami	_	PP	2s	_	_	_	baseForms=tami
10	kure	kure	_	N	_	_	_	_	baseForms=kure
11	,	,	PUNCT	PUNCT	_	_	_	_	_
12	yeweafun	yewen	_	V	fut|bi|ind1s	_	_	_	baseForms=yewe|a|fu|(ü)n
13	”	”	PUNCT	PUNCT	_	_	_	_	_
14	,	,	PUNCT	PUNCT	_	_	_	_	_
15	pífi	pin	_	V	dir3|ind3	_	_	_	baseForms=pi|fi|iy
16	Atapay	atapay	_	NP	_	_	_	_	baseForms=Atapay
17	fücha	fücha	_	AJ	_	_	_	_	baseForms=fücha
18	.	.	PUNCT	PUNCT	_	_	_	_	_

1	Fei	fey	_	D	D	_	_	_	baseForms=fey
2	Atapay	atapay	_	NP	_	_	_	_	baseForms=Atapay
3	fücha	fücha	_	AJ	_	_	_	_	baseForms=fücha
4	illkuñpefí	illkun	_	V	px|dir3|ind3	_	_	_	baseForms=illku|pe|fi|iy
5	ñi	ñi	_	PP	3	_	_	_	baseForms=ñi
6	kure	kure	_	N	_	_	_	_	baseForms=kure
7	:	:	PUNCT	PUNCT	_	_	_	_	_
8	"	"	PUNCT	PUNCT	_	_	_	_	_
9	¿	¿	PUNCT	PUNCT	_	_	_	_	_
10	Chumam	chumam	_	WH	_	_	_	_	baseForms=chumam
11	leliniefimi	lelin	_	V	psist|dir3|ind2s	_	_	_	baseForms=leli|nie|fi|imi
12	chi	chi	_	DA	DA	_	_	_	baseForms=chi
13	wentru	wentru	_	N	_	_	_	_	baseForms=wentru
14	,	,	PUNCT	PUNCT	_	_	_	_	_
15	wedañma	wedañma	_	N	appl	_	_	_	baseForms=weda|(üñ)ma
16	?	?	PUNCT	PUNCT	_	_	_	_	_
17	¿	¿	PUNCT	PUNCT	_	_	_	_	_
18	Pekefimi	pen	_	V	habit|dir3|ind3	_	_	_	baseForms=pe|ke|fi|imi
19	chi	chi	_	DA	DA	_	_	_	baseForms=chi
20	wentru	wentru	_	N	_	_	_	_	baseForms=wentru
21	,	,	PUNCT	PUNCT	_	_	_	_	_
22	ta	ta	_	DA	DA	_	_	_	baseForms=ta
23	lelifimi	lelin	_	V	dir3|ind2s	_	_	_	baseForms=leli|fi|imi
24	?	?	PUNCT	PUNCT	_	_	_	_	_
25	”	”	PUNCT	PUNCT	_	_	_	_	_
26	,	,	PUNCT	PUNCT	_	_	_	_	_
27	pingei	pin	_	V	pass|ind3	_	_	_	baseForms=pi|nge|iy
28	chi	chi	_	DA	DA	_	_	_	baseForms=chi
29	domo	domo	_	N	_	_	_	_	baseForms=domo
30	.	.	PUNCT	PUNCT	_	_	_	_	_

1	Wəlá	wüla	_	AV	_	_	_	_	baseForms=wüla
2	Atapay	atapay	_	NP	_	_	_	_	baseForms=Atapay
3	fücha	fücha	_	AJ	_	_	_	_	baseForms=fücha
4	:	:	PUNCT	PUNCT	_	_	_	_	_
5	"	"	PUNCT	PUNCT	_	_	_	_	_
6	femi	femün	_	V	ind3	_	_	_	baseForms=fem|iy
7	mai	may	_	AV	_	_	_	_	baseForms=may
8	,	,	PUNCT	PUNCT	_	_	_	_	_
9	ñañ	ñañ	_	N	_	_	_	_	baseForms=ñañ
10	”	”	PUNCT	PUNCT	_	_	_	_	_
11	,	,	PUNCT	PUNCT	_	_	_	_	_
12	pí	pin	_	V	ind3	_	_	_	baseForms=pi|iy
13	,	,	PUNCT	PUNCT	_	_	_	_	_
14	"	"	PUNCT	PUNCT	_	_	_	_	_
15	ñi	ñi	_	PP	1s	_	_	_	baseForms=ñi
16	kiñe	kiñe	_	NUM	_	_	_	_	baseForms=kiñe
17	peñi	peñi	_	N	_	_	_	_	baseForms=peñi
18	mai	may	_	AV	_	_	_	_	baseForms=may
19	yeñmangen	yen	_	V	appl|pass|ind1s	_	_	_	baseForms=ye|(üñ)ma|nge|(ü)n
20	afn-mapu	afün-mapu	_	CN	_	_	_	_	baseForms=afn|mapu
21	.	.	PUNCT	PUNCT	_	_	_	_	_
22	¿	¿	PUNCT	PUNCT	_	_	_	_	_
23	kinturulelpeafen	kintun	_	V	appl|px|fut|bi|ind1s	_	_	_	baseForms=kintu|ru|(l)el|pe|a|fu|(ü)n
24	kam	kam	_	IP	particle	_	_	_	baseForms=kam
25	?	?	PUNCT	PUNCT	_	_	_	_	_
26	"	"	PUNCT	PUNCT	_	_	_	_	_
27	,	,	PUNCT	PUNCT	_	_	_	_	_
28	pingei	pin	_	V	pass|ind3	_	_	_	baseForms=pi|nge|iy
29	Pishmaiwile	pishmaiwile	_	NP	_	_	_	_	baseForms=pishmaiwile
30	.	.	PUNCT	PUNCT	_	_	_	_	_

1	“	“	PUNCT	PUNCT	_	_	_	_	_
2	Kimlan	kimün	_	V	neg|ind1s	_	_	_	baseForms=kim|la|(ü)n
3	mai	may	_	AV	_	_	_	_	baseForms=may
4	”	”	PUNCT	PUNCT	_	_	_	_	_
5	,	,	PUNCT	PUNCT	_	_	_	_	_
6	pí	pin	_	V	ind3	_	_	_	baseForms=pi|iy
7	Pishmaiwile	pishmaiwile	_	NP	_	_	_	_	baseForms=pishmaiwile
8	.	.	PUNCT	PUNCT	_	_	_	_	_
9	"	"	PUNCT	PUNCT	_	_	_	_	_
10	məté	müt'e	_	AV	_	_	_	_	baseForms=müt'e
11	küme	küme	_	AJ	_	_	_	_	baseForms=küme
12	palife	palife	_	N	agent	_	_	_	baseForms=pali|fe
13	”	”	PUNCT	PUNCT	_	_	_	_	_
14	,	,	PUNCT	PUNCT	_	_	_	_	_
15	yem	em	_	IJ	particle	_	_	_	baseForms=em
16	mai	may	_	AV	_	_	_	_	baseForms=may
17	ñi	ñi	_	PP	1s	_	_	_	baseForms=ñi
18	peñi	peñi	_	N	_	_	_	_	baseForms=peñi
19	em	em	_	IJ	particle	_	_	_	baseForms=em
20	”	”	PUNCT	PUNCT	_	_	_	_	_
21	,	,	PUNCT	PUNCT	_	_	_	_	_
22	pí	pin	_	V	ind3	_	_	_	baseForms=pi|iy
23	Atapay	atapay	_	NP	_	_	_	_	baseForms=Atapay
24	fücha	fücha	_	AJ	_	_	_	_	baseForms=fücha
25	.	.	PUNCT	PUNCT	_	_	_	_	_
26	"	"	PUNCT	PUNCT	_	_	_	_	_
27	¿	¿	PUNCT	PUNCT	_	_	_	_	_
28	Eimi	eymi	_	PN	2s	_	_	_	baseForms=eymi
29	kam	kam	_	IP	particle	_	_	_	baseForms=kam
30	konkepeafuimi	konün	_	V	px|fut|bi|ind2s	_	_	_	baseForms=kon|ke|pe|a|fu|imi
31	palin	palin	_	V	inf	_	_	_	baseForms=pali|(ü)n
32	meu	mew	_	P	P	_	_	_	baseForms=mew
33	,	,	PUNCT	PUNCT	_	_	_	_	_
34	ñañ	ñañ	_	N	_	_	_	_	baseForms=ñañ
35	?	?	PUNCT	PUNCT	_	_	_	_	_
36	”	”	PUNCT	PUNCT	_	_	_	_	_
37	,	,	PUNCT	PUNCT	_	_	_	_	_
38	pingei	pin	_	V	pass|ind3	_	_	_	baseForms=pi|nge|iy
39	Pishmaiwile	pishmaiwile	_	NP	_	_	_	_	baseForms=pishmaiwile
40	.	.	PUNCT	PUNCT	_	_	_	_	_

1	“	“	PUNCT	PUNCT	_	_	_	_	_
2	Mai	may	_	AV	_	_	_	_	baseForms=may
3	,	,	PUNCT	PUNCT	_	_	_	_	_
4	pichike	pichi	_	AJ	p	_	_	_	baseForms=pichi|ke
5	konkontukekafun	konün	_	V	redupl|rest|habit|cont|bi|ind1s	_	_	_	baseForms=kon|kon|tu|ke|ka|fu|(ü)n
6	"	"	PUNCT	PUNCT	_	_	_	_	_
7	,	,	PUNCT	PUNCT	_	_	_	_	_
8	pí	pin	_	V	ind3	_	_	_	baseForms=pi|iy
9	Pishmaiwile	pishmaiwile	_	NP	_	_	_	_	baseForms=pishmaiwile
10	.	.	PUNCT	PUNCT	_	_	_	_	_

1	"	"	PUNCT	PUNCT	_	_	_	_	_
2	Ya	ya	_	IJ	particle	_	_	_	baseForms=ya
3	mai	may	_	AV	_	_	_	_	baseForms=may
4	fəreneaen	fürenen	_	V	fut|ind2s-1s	_	_	_	baseForms=fürene|a|en
5	,	,	PUNCT	PUNCT	_	_	_	_	_
6	kelluaen	kellun	_	V	fut|ind2s-1s	_	_	_	baseForms=kellu|a|en
7	palin	palin	_	N	nmlz	_	_	_	baseForms=pali|(ü)n
8	meu	mew	_	P	P	_	_	_	baseForms=mew
9	”	”	PUNCT	PUNCT	_	_	_	_	_
10	,	,	PUNCT	PUNCT	_	_	_	_	_
11	pingei	pin	_	V	pass|ind3	_	_	_	baseForms=pi|nge|iy
12	Pishmaiwile	pishmaiwile	_	NP	_	_	_	_	baseForms=pishmaiwile
13	.	.	PUNCT	PUNCT	_	_	_	_	_

1	"	"	PUNCT	PUNCT	_	_	_	_	_
2	Feyərke	feyürke	_	IJ	_	_	_	_	baseForms=feyürke
3	”	”	PUNCT	PUNCT	_	_	_	_	_
4	,	,	PUNCT	PUNCT	_	_	_	_	_
5	pí	pin	_	V	ind3	_	_	_	baseForms=pi|iy
6	.	.	PUNCT	PUNCT	_	_	_	_	_

1	"	"	PUNCT	PUNCT	_	_	_	_	_
2	Epúe	epuwe	_	AV	temp	_	_	_	baseForms=epu|we
3	rul-weu-alu	rulün	_	V	fut|svn	_	_	_	baseForms=rul|wew|a|lu
4	iñche	iñche	_	PN	1s	_	_	_	baseForms=iñche
5	,	,	PUNCT	PUNCT	_	_	_	_	_
6	mətewe	müt'e	_	AV	temp	_	_	_	baseForms=müt'e|we
7	apəmngen	apümün	_	V	pass|ind1s	_	_	_	baseForms=apüm|nge|(ü)n
8	kulliñ	kulliñ	_	N	_	_	_	_	baseForms=kulliñ
9	meu	mew	_	P	P	_	_	_	baseForms=mew
10	,	,	PUNCT	PUNCT	_	_	_	_	_
11	plata	plata	_	N	_	_	_	_	baseForms=plata
12	meu	mew	_	P	P	_	_	_	baseForms=mew
13	.	.	PUNCT	PUNCT	_	_	_	_	_
14	Fei	fey	_	D	D	_	_	_	baseForms=fey
15	təfá	tüfa	_	DP	DP	_	_	_	baseForms=tüfa
16	rul-li	rulün	_	V	_	_	_	_	baseForms=rul|li
17	ñi	ñi	_	PP	3	_	_	_	baseForms=ñi
18	weungen	wewüngen	_	N	pass|nmlz	_	_	_	baseForms=wew|nge|(ü)n
19	,	,	PUNCT	PUNCT	_	_	_	_	_
20	fei	fey	_	D	D	_	_	_	baseForms=fey
21	ñi	ñi	_	PP	3	_	_	_	baseForms=ñi
22	fenté-kuden	fenté	_	AV	inf	_	_	_	baseForms=kude|kude|(ü)n
23	,	,	PUNCT	PUNCT	_	_	_	_	_
24	kuñifallu	kuñifalün	_	V	svn	_	_	_	baseForms=kuñifal|lu
25	kam	kam	_	IP	particle	_	_	_	baseForms=kam
26	iñche	iñche	_	PN	1s	_	_	_	baseForms=iñche
27	”	”	PUNCT	PUNCT	_	_	_	_	_
28	,	,	PUNCT	PUNCT	_	_	_	_	_
29	pí	pin	_	V	ind3	_	_	_	baseForms=pi|iy
30	Atapay	atapay	_	NP	_	_	_	_	baseForms=Atapay
31	fücha	fücha	_	AJ	_	_	_	_	baseForms=fücha
32	.	.	PUNCT	PUNCT	_	_	_	_	_

1	Fei	fey	_	D	D	_	_	_	baseForms=fey
2	ngəfkeñmalu	ngüfün	_	V	habit|appl|svn	_	_	_	baseForms=ngüf|ke|(üñ)ma|lu
3	amutui	amutun	_	V	rest|ind3	_	_	_	baseForms=amu|tu|iy
4	Pishmaiwile	pishmaiwile	_	NP	_	_	_	_	baseForms=pishmaiwile
5	ñi	ñi	_	PP	3	_	_	_	baseForms=ñi
6	ruká	ruka	_	N	_	_	_	_	baseForms=ruka
7	meu	mew	_	P	P	_	_	_	baseForms=mew
8	.	.	PUNCT	PUNCT	_	_	_	_	_
9	rumetui	run	_	V	and|rest|ind3	_	_	_	baseForms=ru|me|tu|iy
10	Shañi	shañi	_	NP	_	_	_	_	baseForms=shañi
11	ñi	ñi	_	PP	3	_	_	_	baseForms=ñi
12	ináruka	inaruka	_	N	prefix	_	_	_	baseForms=ina|ruka
13	.	.	PUNCT	PUNCT	_	_	_	_	_

1	Fei	fey	_	D	D	_	_	_	baseForms=fey
2	meu	mew	_	P	P	_	_	_	baseForms=mew
3	kushe	kushe	_	N	_	_	_	_	baseForms=kushe
4	,	,	PUNCT	PUNCT	_	_	_	_	_
5	Shañi	shañi	_	NP	_	_	_	_	baseForms=shañi
6	peeyeu	pen	_	V	indinv3-3	_	_	_	baseForms=pe|eyew
7	.	.	PUNCT	PUNCT	_	_	_	_	_
8	Fei	fey	_	D	D	_	_	_	baseForms=fey
9	kimelngei	kimün	_	V	appl|pass|ind3	_	_	_	baseForms=kim|el|nge|iy
10	fücha	fücha	_	AJ	_	_	_	_	baseForms=fücha
11	Shañi	shañi	_	NP	_	_	_	_	baseForms=shañi
12	.	.	PUNCT	PUNCT	_	_	_	_	_

1	Fei	fey	_	D	D	_	_	_	baseForms=fey
2	meu	mew	_	P	P	_	_	_	baseForms=mew
3	illkui	illkun	_	V	ind3	_	_	_	baseForms=illku|iy
4	Shañi	shañi	_	NP	_	_	_	_	baseForms=shañi
5	,	,	PUNCT	PUNCT	_	_	_	_	_
6	nümei	nün	_	V	and|ind3	_	_	_	baseForms=nü|me|iy
7	ñi	ñi	_	PP	3	_	_	_	baseForms=ñi
8	ləkai	lükai	_	N	_	_	_	_	baseForms=lükai
9	,	,	PUNCT	PUNCT	_	_	_	_	_
10	fei	fey	_	D	D	_	_	_	baseForms=fey
11	ləkaitufí	lükaitun	_	V	vb|dir3|ind3	_	_	_	baseForms=lükai|tu|fi|iy
12	füchá	fücha	_	AJ	_	_	_	_	baseForms=fücha
13	wentru	wentru	_	N	_	_	_	_	baseForms=wentru
14	ñi	ñi	_	PP	3	_	_	_	baseForms=ñi
15	kawellu	kawellu	_	N	_	_	_	_	baseForms=kawellu
16	:	:	PUNCT	PUNCT	_	_	_	_	_
17	mainawi	mainawün	_	V	ind3	_	_	_	baseForms=mainaw|iy
18	ləkai	lükai	_	N	_	_	_	_	baseForms=lükai
19	meu	mew	_	P	P	_	_	_	baseForms=mew
20	chi	chi	_	DA	DA	_	_	_	baseForms=chi
21	küntro	küntro	_	AJ	_	_	_	_	baseForms=küntro
22	kawellu	kawellu	_	N	_	_	_	_	baseForms=kawellu
23	impolnaqi	impolün	_	V	ind3	_	_	_	baseForms=impol|nag|iy
24	.	.	PUNCT	PUNCT	_	_	_	_	_

1	¡	¡	PUNCT	PUNCT	_	_	_	_	_
2	Fei	fey	_	D	D	_	_	_	baseForms=fey
3	meu	mew	_	P	P	_	_	_	baseForms=mew
4	:	:	PUNCT	PUNCT	_	_	_	_	_
5	“	“	PUNCT	PUNCT	_	_	_	_	_
6	Awüngellaqen	awün	_	V	pass|ind2s-1s	_	_	_	baseForms=awü|nge|llag|en
7	n·ai	n'ai	_	IJ	_	_	_	_	baseForms=n'ai
8	femen	femün	_	V	ind2s-1s	_	_	_	baseForms=fem|en
9	,	,	PUNCT	PUNCT	_	_	_	_	_
10	ütrəfnakəmmaqen	ütrüfün	_	V	ind2s-1s	_	_	_	baseForms=ütrüf|nag|ümag|en
11	ñi	ñi	_	PP	3	_	_	_	baseForms=ñi
12	weshá	weda	_	AJ	_	_	_	_	baseForms=weda
13	kawellu	kawellu	_	N	_	_	_	_	baseForms=kawellu
14	”	”	PUNCT	PUNCT	_	_	_	_	_
15	,	,	PUNCT	PUNCT	_	_	_	_	_
16	pingei	pin	_	V	pass|ind3	_	_	_	baseForms=pi|nge|iy
17	Shañi	shañi	_	NP	_	_	_	_	baseForms=shañi
18	.	.	PUNCT	PUNCT	_	_	_	_	_

1	Shañi	shañi	_	NP	_	_	_	_	baseForms=shañi
2	fei	fey	_	D	D	_	_	_	baseForms=fey
3	pí	pin	_	V	ind3	_	_	_	baseForms=pi|iy
4	:	:	PUNCT	PUNCT	_	_	_	_	_
5	"	"	PUNCT	PUNCT	_	_	_	_	_
6	¿	¿	PUNCT	PUNCT	_	_	_	_	_
7	Chumam	chumam	_	WH	_	_	_	_	baseForms=chumam
8	rupaimi	run	_	V	cis|ind2s	_	_	_	baseForms=ru|pa|imi
9	iñché	iñche	_	PN	1s	_	_	_	baseForms=iñche
10	ñi	ñi	_	PP	1s	_	_	_	baseForms=ñi
11	mapu	mapu	_	N	_	_	_	_	baseForms=mapu
12	meu	mew	_	P	P	_	_	_	baseForms=mew
13	,	,	PUNCT	PUNCT	_	_	_	_	_
14	pənoñmaqen	pünon	_	V	appl|ind2s-1s	_	_	_	baseForms=püno|(üñ)ma|en
15	ñi	ñi	_	PP	1s	_	_	_	baseForms=ñi
16	kachu	kachu	_	N	_	_	_	_	baseForms=kachu
17	,	,	PUNCT	PUNCT	_	_	_	_	_
18	mi	mi	_	PP	2s	_	_	_	baseForms=mi
19	wedañmangen	weda	_	N	tr|pass|ind2s-1s	_	_	_	baseForms=weda|ñma|nge|en
20	?	?	PUNCT	PUNCT	_	_	_	_	_
21	,	,	PUNCT	PUNCT	_	_	_	_	_
22	”	”	PUNCT	PUNCT	_	_	_	_	_
23	pingei	pin	_	V	pass|ind3	_	_	_	baseForms=pi|nge|iy
24	Pishmaiwile	pishmaiwile	_	NP	_	_	_	_	baseForms=pishmaiwile
25	.	.	PUNCT	PUNCT	_	_	_	_	_

1	¡	¡	PUNCT	PUNCT	_	_	_	_	_
2	"	"	PUNCT	PUNCT	_	_	_	_	_
3	Məná	müna	_	AV	_	_	_	_	baseForms=müna
4	wedá	weda	_	AJ	_	_	_	_	baseForms=weda
5	wentru	wentru	_	N	_	_	_	_	baseForms=wentru
6	ngerkeimi	ngen	_	V	rep|ind2s	_	_	_	baseForms=nge|(ü)rke|imi
7	n·ai	n'ai	_	IJ	_	_	_	_	baseForms=n'ai
8	,	,	PUNCT	PUNCT	_	_	_	_	_
9	Shañi	shañi	_	NP	_	_	_	_	baseForms=shañi
10	.	.	PUNCT	PUNCT	_	_	_	_	_
11	Kimpeelmi	kimün	_	V	px|appl|ind2s	_	_	_	baseForms=kim|pe|(l)el|imi
12	mi	mi	_	PP	2s	_	_	_	baseForms=mi
13	üllkuken	üllkun	_	N	habit|nmlz	_	_	_	baseForms=üllku|ke|(ü)n
14	,	,	PUNCT	PUNCT	_	_	_	_	_
15	rupapelaian	run	_	V	cis|px|neg|fut|ind1s	_	_	_	baseForms=ru|pa|pe|la|a|(ü)n
16	mi	mi	_	PP	2s	_	_	_	baseForms=mi
17	mapu	mapu	_	N	_	_	_	_	baseForms=mapu
18	meu	mew	_	P	P	_	_	_	baseForms=mew
19	”	”	PUNCT	PUNCT	_	_	_	_	_
20	,	,	PUNCT	PUNCT	_	_	_	_	_
21	pingei	pin	_	V	pass|ind3	_	_	_	baseForms=pi|nge|iy
22	Shañi	shañi	_	NP	_	_	_	_	baseForms=shañi
23	.	.	PUNCT	PUNCT	_	_	_	_	_

1	Nentumainantui	nentun	_	V	nmlz|vb|ind3	_	_	_	baseForms=nentu|mainaw|(ü)n|tu|iy
2	ñi	ñi	_	PP	3	_	_	_	baseForms=ñi
3	kawellu	kawellu	_	N	_	_	_	_	baseForms=kawellu
4	ka	ka	_	C	particle	_	_	_	baseForms=ka
5	ütrəfkənofí	ütrüfün	_	V	dir3|ind3	_	_	_	baseForms=ütrüf|künu|fi|iy
6	chi	chi	_	DA	DA	_	_	_	baseForms=chi
7	ləkai	lükai	_	N	_	_	_	_	baseForms=lükai
8	Pishmaiwile	pishmaiwile	_	NP	_	_	_	_	baseForms=pishmaiwile
9	,	,	PUNCT	PUNCT	_	_	_	_	_
10	prakawelltui	püran	_	V	ind3	_	_	_	baseForms=püra|kawellu|None|iy
11	,	,	PUNCT	PUNCT	_	_	_	_	_
12	amutui	amutun	_	V	rest|ind3	_	_	_	baseForms=amu|tu|iy
13	ñi	ñi	_	PP	3	_	_	_	baseForms=ñi
14	ruká	ruka	_	N	_	_	_	_	baseForms=ruka
15	meu	mew	_	P	P	_	_	_	baseForms=mew
16	.	.	PUNCT	PUNCT	_	_	_	_	_

1	Fei	fey	_	D	D	_	_	_	baseForms=fey
2	meu	mew	_	P	P	_	_	_	baseForms=mew
3	epu	epu	_	NUM	_	_	_	_	baseForms=epu
4	antü	antü	_	N	_	_	_	_	baseForms=antü
5	meu	mew	_	P	P	_	_	_	baseForms=mew
6	nentui	nentun	_	V	ind3	_	_	_	baseForms=nentu|iy
7	ñi	ñi	_	PP	3	_	_	_	baseForms=ñi
8	rəngal	rüngal	_	AJ	nmlz	_	_	_	baseForms=rünga|el
9	plata	plata	_	N	_	_	_	_	baseForms=plata
10	Pishmaiwile	pishmaiwile	_	NP	_	_	_	_	baseForms=pishmaiwile
11	,	,	PUNCT	PUNCT	_	_	_	_	_
12	liftui	liftun	_	V	vb|ind3	_	_	_	baseForms=lif|tu|iy
13	ñi	ñi	_	PP	3	_	_	_	baseForms=ñi
14	plata	plata	_	N	_	_	_	_	baseForms=plata
15	,	,	PUNCT	PUNCT	_	_	_	_	_
16	ka	ka	_	C	particle	_	_	_	baseForms=ka
17	chillai	chillan	_	V	ind3	_	_	_	baseForms=None|iy
18	ñi	ñi	_	PP	3	_	_	_	baseForms=ñi
19	doy	doy	_	AV	_	_	_	_	baseForms=doy
20	küme	küme	_	AJ	_	_	_	_	baseForms=küme
21	kawellu	kawellu	_	N	_	_	_	_	baseForms=kawellu
22	,	,	PUNCT	PUNCT	_	_	_	_	_
23	təkulelfí	tükun	_	V	appl|dir3|ind3	_	_	_	baseForms=tüku|(l)el|fi|iy
24	witrañpramwe	witrañpramwe	_	CN	inf|inst	_	_	_	baseForms=witra|(ü)n|püram|we
25	kafishatuñmaiau	kafishatuñmayaw	_	AV	vb|appl|amb	_	_	_	baseForms=kafisha|tu|(ü)ñma|yaw
26	ketrel-piriña	ketrel-piriña	_	N	nmlz	_	_	_	baseForms=ketre|el|piriña
27	,	,	PUNCT	PUNCT	_	_	_	_	_
28	füchake	fücha	_	AJ	p	_	_	_	baseForms=fücha|ke
29	tolto-istipu	tolto	_	CN	_	_	_	_	baseForms=tolto|istipu
30	trawallmaiau	trawalmaiau	_	AV	tr|amb	_	_	_	baseForms=trawall|(ñ)ma|yaw
31	,	,	PUNCT	PUNCT	_	_	_	_	_
32	itro lüngari	itro-lungarün	_	CN	ind3	_	_	_	baseForms=itro|lungar|iy
33	ñi	ñi	_	PP	3	_	_	_	baseForms=ñi
34	chillan	chillan	_	N	nmlz	_	_	_	baseForms=chilla|(ü)n
35	kawellu	kawellu	_	N	_	_	_	_	baseForms=kawellu
36	füchá	fücha	_	AJ	_	_	_	_	baseForms=fücha
37	Pishmaiwile	pishmaiwile	_	NP	_	_	_	_	baseForms=pishmaiwile
38	;	;	PUNCT	PUNCT	_	_	_	_	_
39	amui	amun	_	V	ind3	_	_	_	baseForms=amu|iy
40	palikünomealu	palin	_	V	and|fut	_	_	_	baseForms=pali|künu|me|a|lu
41	.	.	PUNCT	PUNCT	_	_	_	_	_

1	ká	ka	_	C	particle	_	_	_	baseForms=ka
2	rumetui	run	_	V	and|rest|ind3	_	_	_	baseForms=ru|me|tu|iy
3	Shañi	shañi	_	NP	_	_	_	_	baseForms=shañi
4	ñi	ñi	_	PP	3	_	_	_	baseForms=ñi
5	ináruka	inaruka	_	N	prefix	_	_	_	baseForms=ina|ruka
6	meu	mew	_	P	P	_	_	_	baseForms=mew
7	.	.	PUNCT	PUNCT	_	_	_	_	_

1	Fei	fey	_	D	D	_	_	_	baseForms=fey
2	meu	mew	_	P	P	_	_	_	baseForms=mew
3	kushe	kushe	_	N	_	_	_	_	baseForms=kushe
4	Shañi	shañi	_	NP	_	_	_	_	baseForms=shañi
5	ká	ka	_	C	particle	_	_	_	baseForms=ka
6	petueyeu	pen	_	V	tr|indinv3-3	_	_	_	baseForms=pe|tu|eyew
7	.	.	PUNCT	PUNCT	_	_	_	_	_

1	"	"	PUNCT	PUNCT	_	_	_	_	_
2	¿	¿	PUNCT	PUNCT	_	_	_	_	_
3	Chiem	chiem	_	WH	particle	_	_	_	baseForms=chiem
4	ülmen	ülmen	_	N	_	_	_	_	baseForms=ülmen
5	chei	chey	_	IDP	particle	_	_	_	baseForms=chey
6	tié	tie	_	DP	DP	_	_	_	baseForms=tie
7	küpai	küpan	_	V	ind3	_	_	_	baseForms=küpa|iy
8	?	?	PUNCT	PUNCT	_	_	_	_	_
9	”	”	PUNCT	PUNCT	_	_	_	_	_
10	,	,	PUNCT	PUNCT	_	_	_	_	_
11	pí	pin	_	V	ind3	_	_	_	baseForms=pi|iy
12	.	.	PUNCT	PUNCT	_	_	_	_	_

1	Fei	fey	_	D	D	_	_	_	baseForms=fey
2	meu	mew	_	P	P	_	_	_	baseForms=mew
3	tripai	tripan	_	V	ind3	_	_	_	baseForms=tripa|iy
4	füchá	fücha	_	AJ	_	_	_	_	baseForms=fücha
5	Shañi	shañi	_	NP	_	_	_	_	baseForms=shañi
6	.	.	PUNCT	PUNCT	_	_	_	_	_
7	"	"	PUNCT	PUNCT	_	_	_	_	_
8	Chaliafiñ	chalin	_	V	fut|dir3|ind1s	_	_	_	baseForms=chali|a|fi|(ü)n
9	"	"	PUNCT	PUNCT	_	_	_	_	_
10	,	,	PUNCT	PUNCT	_	_	_	_	_
11	pí	pin	_	V	ind3	_	_	_	baseForms=pi|iy
12	.	.	PUNCT	PUNCT	_	_	_	_	_
13	"	"	PUNCT	PUNCT	_	_	_	_	_
14	Cheu	chew	_	WH	particle	_	_	_	baseForms=chew
15	chi	chi	_	DA	DA	_	_	_	baseForms=chi
16	tuupei	tuwün	_	V	px|ind3	_	_	_	baseForms=tuw|pe|iy
17	chi	chi	_	DA	DA	_	_	_	baseForms=chi
18	wentru	wentru	_	N	_	_	_	_	baseForms=wentru
19	?	?	PUNCT	PUNCT	_	_	_	_	_
20	"	"	PUNCT	PUNCT	_	_	_	_	_
21	,	,	PUNCT	PUNCT	_	_	_	_	_
22	pí	pin	_	V	ind3	_	_	_	baseForms=pi|iy
23	;	;	PUNCT	PUNCT	_	_	_	_	_
24	witrákənoupui	witran	_	V	trloc|ind3	_	_	_	baseForms=witra|künu|pu|iy
25	rüpü	rüpü	_	N	_	_	_	_	baseForms=rüpü
26	meu	mew	_	P	P	_	_	_	baseForms=mew
27	.	.	PUNCT	PUNCT	_	_	_	_	_

1	"	"	PUNCT	PUNCT	_	_	_	_	_
2	¿	¿	PUNCT	PUNCT	_	_	_	_	_
3	Cheu	chew	_	WH	particle	_	_	_	baseForms=chew
4	kam	kam	_	IP	particle	_	_	_	baseForms=kam
5	tuwimi	tuwün	_	V	ind2s	_	_	_	baseForms=tuw|imi
6	ñañ	ñañ	_	N	_	_	_	_	baseForms=ñañ
7	?	?	PUNCT	PUNCT	_	_	_	_	_
8	”	”	PUNCT	PUNCT	_	_	_	_	_
9	,	,	PUNCT	PUNCT	_	_	_	_	_
10	pí	pin	_	V	ind3	_	_	_	baseForms=pi|iy
11	Shañi	shañi	_	NP	_	_	_	_	baseForms=shañi
12	.	.	PUNCT	PUNCT	_	_	_	_	_

1	"	"	PUNCT	PUNCT	_	_	_	_	_
2	Féula	fewla	_	AV	_	_	_	_	baseForms=fewla
3	chalirkeeneu	chalin	_	V	rep|ind3-1s	_	_	_	baseForms=chali|(ü)rke|enew
4	nga	nga	_	EP	particle	_	_	_	baseForms=nga
5	təfachi	tüfachi	_	DP	DP	_	_	_	baseForms=tüfachi
6	küme	küme	_	AJ	_	_	_	_	baseForms=küme
7	wentru	wentru	_	N	_	_	_	_	baseForms=wentru
8	;	;	PUNCT	PUNCT	_	_	_	_	_
9	epué	epuwe	_	AV	temp	_	_	_	baseForms=epu|we
10	meu	mew	_	P	P	_	_	_	baseForms=mew
11	nga	nga	_	EP	particle	_	_	_	baseForms=nga
12	ləkaitukawelleneu	lükai	_	N	vb|ind3-1s	_	_	_	baseForms=lükai|tu|kawellu|enew
13	.	.	PUNCT	PUNCT	_	_	_	_	_
14	Wedañma	wedañma	_	N	appl	_	_	_	baseForms=weda|(üñ)ma
15	,	,	PUNCT	PUNCT	_	_	_	_	_
16	kontunge	konün	_	V	rest|imp2s	_	_	_	baseForms=kon|tu|nge
17	mi	mi	_	PP	2s	_	_	_	baseForms=mi
18	ruká	ruka	_	N	_	_	_	_	baseForms=ruka
19	meu	mew	_	P	P	_	_	_	baseForms=mew
20	”	”	PUNCT	PUNCT	_	_	_	_	_
21	,	,	PUNCT	PUNCT	_	_	_	_	_
22	pingei	pin	_	V	pass|ind3	_	_	_	baseForms=pi|nge|iy
23	Shañi	shañi	_	NP	_	_	_	_	baseForms=shañi
24	.	.	PUNCT	PUNCT	_	_	_	_	_

1	Pənolkawelltuyengei	pünolün	_	V	vb|pass|ind3	_	_	_	baseForms=pünol|kawellu|tu|ye|nge|iy
2	Shañi	shañi	_	NP	_	_	_	_	baseForms=shañi
3	,	,	PUNCT	PUNCT	_	_	_	_	_
4	rangiñtu	rangiñtu	_	AV	avlz	_	_	_	baseForms=rangiñ|tu
5	n·amun	n'amun-kawellu	_	CN	_	_	_	_	baseForms=n'amun
6	-	-	PUNCT	PUNCT	_	_	_	_	_
7	impolkantuiawəlngei	impolün	_	V	play|amb|cause|pass|ind3	_	_	_	baseForms=impol|kantu|yaw|(ü)l|nge|iy
8	Shañi	shañi	_	NP	_	_	_	_	baseForms=shañi
9	em	em	_	IJ	particle	_	_	_	baseForms=em
10	”	”	PUNCT	PUNCT	_	_	_	_	_
11	,	,	PUNCT	PUNCT	_	_	_	_	_
12	miñche	miñche	_	AV	_	_	_	_	baseForms=miñche
13	púekawellu	puekawelu	_	CN	_	_	_	_	baseForms=pue|kawellu
14	ñi	ñi	_	PP	3	_	_	_	baseForms=ñi
15	miawn	miawün	_	N	nmlz	_	_	_	baseForms=miaw|(ü)n
16	.	.	PUNCT	PUNCT	_	_	_	_	_
17	Femngen	femngen	_	AV	_	_	_	_	baseForms=femngen
18	konpui	konün	_	V	trloc|ind3	_	_	_	baseForms=kon|pu|iy
19	ñi	ñi	_	PP	3	_	_	_	baseForms=ñi
20	ruká	ruka	_	N	_	_	_	_	baseForms=ruka
21	meu	mew	_	P	P	_	_	_	baseForms=mew
22	,	,	PUNCT	PUNCT	_	_	_	_	_
23	kom	kom	_	AV	_	_	_	_	baseForms=kom
24	ngallolüi	ngallolüi	_	AJ	_	_	_	_	baseForms=ngallolüi
25	ni	ñi	_	PP	3	_	_	_	baseForms=ñi
26	to	to	_	N	_	_	_	_	baseForms=to
27	,	,	PUNCT	PUNCT	_	_	_	_	_
28	kalül	kalül	_	N	_	_	_	_	baseForms=kolül
29	em	em	_	IJ	particle	_	_	_	baseForms=em
30	.	.	PUNCT	PUNCT	_	_	_	_	_

1	Wəlá	wüla	_	AV	_	_	_	_	baseForms=wüla
2	Pishmaiwile	pishmaiwile	_	NP	_	_	_	_	baseForms=pishmaiwile
3	amui	amun	_	V	ind3	_	_	_	baseForms=amu|iy
4	palin	palin	_	V	inf	_	_	_	baseForms=pali|(ü)n
5	meu	mew	_	P	P	_	_	_	baseForms=mew
6	.	.	PUNCT	PUNCT	_	_	_	_	_
7	Puí	pun	_	V	ind3	_	_	_	baseForms=pu|iy
8	paliwe	paliwe	_	N	_	_	_	_	baseForms=
9	meu	mew	_	P	P	_	_	_	baseForms=mew
10	.	.	PUNCT	PUNCT	_	_	_	_	_

1	"	"	PUNCT	PUNCT	_	_	_	_	_
2	¿	¿	PUNCT	PUNCT	_	_	_	_	_
3	Küpaimi	küpan	_	V	ind2s	_	_	_	baseForms=küpa|imi
4	nga	nga	_	EP	particle	_	_	_	baseForms=nga
5	ñañ	ñañ	_	N	_	_	_	_	baseForms=ñañ
6	?	?	PUNCT	PUNCT	_	_	_	_	_
7	”	”	PUNCT	PUNCT	_	_	_	_	_
8	pingei	pin	_	V	pass|ind3	_	_	_	baseForms=pi|nge|iy
9	.	.	PUNCT	PUNCT	_	_	_	_	_

1	"	"	PUNCT	PUNCT	_	_	_	_	_
2	küpan	küpan	_	V	ind1s	_	_	_	baseForms=küpa|(ü)n
3	mai	may	_	AV	_	_	_	_	baseForms=may
4	"	"	PUNCT	PUNCT	_	_	_	_	_
5	pí	pin	_	V	ind3	_	_	_	baseForms=pi|iy
6	.	.	PUNCT	PUNCT	_	_	_	_	_

1	"	"	PUNCT	PUNCT	_	_	_	_	_
2	¡	¡	PUNCT	PUNCT	_	_	_	_	_
3	Ya	ya	_	IJ	particle	_	_	_	baseForms=ya
4	mai	may	_	AV	_	_	_	_	baseForms=may
5	!	!	PUNCT	PUNCT	_	_	_	_	_
6	frəneen	fürenen	_	V	ind2s-1s	_	_	_	baseForms=fürene|en
7	,	,	PUNCT	PUNCT	_	_	_	_	_
8	kelluen	kellun	_	V	ind2s-1s	_	_	_	baseForms=kellu|en
9	;	;	PUNCT	PUNCT	_	_	_	_	_
10	kiñe	kiñe	_	NUM	_	_	_	_	baseForms=kiñe
11	kon·a	kon'a	_	N	_	_	_	_	baseForms=kon'a
12	meu	mew	_	P	P	_	_	_	baseForms=mew
13	áfkonkəlen	afkonkülen	_	AV	_	_	_	_	baseForms=af|konkülen
14	”	”	PUNCT	PUNCT	_	_	_	_	_
15	,	,	PUNCT	PUNCT	_	_	_	_	_
16	pí	pin	_	V	ind3	_	_	_	baseForms=pi|iy
17	Atapay	atapay	_	NP	_	_	_	_	baseForms=Atapay
18	fücha	fücha	_	AJ	_	_	_	_	baseForms=fücha
19	.	.	PUNCT	PUNCT	_	_	_	_	_

1	Fei	fey	_	D	D	_	_	_	baseForms=fey
2	meu	mew	_	P	P	_	_	_	baseForms=mew
3	naqkawellí	nagün	_	V	ind3	_	_	_	baseForms=nag|kawellu|iy
4	Pishmaiwile	pishmaiwile	_	NP	_	_	_	_	baseForms=pishmaiwile
5	entuchillai	entun	_	V	ind3	_	_	_	baseForms=entu|chilla|iy
6	ñi	ñi	_	PP	3	_	_	_	baseForms=ñi
7	kawellu	kawellu	_	N	_	_	_	_	baseForms=kawellu
8	,	,	PUNCT	PUNCT	_	_	_	_	_
9	tranán-təkui	tranantükun	_	V	inf|ind3	_	_	_	baseForms=trana|(ü)n|tüku|iy
10	ñi	ñi	_	PP	3	_	_	_	baseForms=ñi
11	kafishatu	kafishatuñmayaw	_	AV	vb	_	_	_	baseForms=kafisha|tu
12	ketrel-piriña	ketrel-piriña	_	N	nmlz	_	_	_	baseForms=ketre|el|piriña
13	,	,	PUNCT	PUNCT	_	_	_	_	_
14	engu	engu	_	PC	3d	_	_	_	baseForms=engu
15	,	,	PUNCT	PUNCT	_	_	_	_	_
16	ka	ka	_	C	particle	_	_	_	baseForms=ka
17	ñi	ñi	_	PP	3	_	_	_	baseForms=ñi
18	kake	ka	_	AV	p	_	_	_	baseForms=ka|ke
19	weshakelu	weshakelu	_	N	p|svn	_	_	_	baseForms=weda|ke|lu
20	chadfi	chadün	_	V	dir3|ind3	_	_	_	baseForms=chad|fi|iy
21	,	,	PUNCT	PUNCT	_	_	_	_	_
22	trawall	trawalmaiau	_	AV	_	_	_	_	baseForms=trawall
23	,	,	PUNCT	PUNCT	_	_	_	_	_
24	tolto-istipu	tolto	_	CN	_	_	_	_	baseForms=tolto|istipu
25	ka	ka	_	C	particle	_	_	_	baseForms=ka
26	ñi	ñi	_	PP	3	_	_	_	baseForms=ñi
27	plata	plata	_	N	_	_	_	_	baseForms=plata
28	-	-	PUNCT	PUNCT	_	_	_	_	_
29	witrantə kuwe	witrantükuwe	_	N	inf|inst	_	_	_	baseForms=witra|(ü)n|tüku|we
30	el-lai	elün	_	V	neg|ind3	_	_	_	baseForms=el|la|iy
31	chem	chem	_	WH	particle	_	_	_	baseForms=chem
32	no	no	_	AV	particle	_	_	_	baseForms=no
33	rume	rume	_	N	_	_	_	_	baseForms=rume
34	,	,	PUNCT	PUNCT	_	_	_	_	_

1	Fei	fey	_	D	D	_	_	_	baseForms=fey
2	meu	mew	_	P	P	_	_	_	baseForms=mew
3	yeqkal	yegkal	_	N	_	_	_	_	baseForms=yegkal
4	ngetui	ngen	_	V	rest|ind3	_	_	_	baseForms=nge|tu|iy
5	.	.	PUNCT	PUNCT	_	_	_	_	_

1	Pichi-ñamku	füchá-ñamku	_	NP	_	_	_	_	baseForms=pichi|ñamku
2	"	"	PUNCT	PUNCT	_	_	_	_	_
3	füchá	fücha	_	AJ	_	_	_	_	baseForms=fücha
4	trafkiñ	trafkiñ	_	N	_	_	_	_	baseForms=trafkin
5	trokillafiñ	trokin	_	V	affirm|dir3|ind1s	_	_	_	baseForms=troki|lla|fi|(ü)n
6	”	”	PUNCT	PUNCT	_	_	_	_	_
7	pifui	pin	_	V	bi|ind3	_	_	_	baseForms=pi|fu|iy
8	.	.	PUNCT	PUNCT	_	_	_	_	_
9	Fei	fey	_	D	D	_	_	_	baseForms=fey
10	meu	mew	_	P	P	_	_	_	baseForms=mew
11	“	“	PUNCT	PUNCT	_	_	_	_	_
12	Kalli	kallün	_	V	ind3	_	_	_	baseForms=kall|iy
13	felepe	felen	_	V	imp3s	_	_	_	baseForms=fele|pe
14	”	”	PUNCT	PUNCT	_	_	_	_	_
15	,	,	PUNCT	PUNCT	_	_	_	_	_
16	pí	pin	_	V	ind3	_	_	_	baseForms=pi|iy
17	Füchá-ñamku	füchá-ñamku	_	NP	_	_	_	_	baseForms=fücha|ñamku
18	.	.	PUNCT	PUNCT	_	_	_	_	_

1	Atapay	atapay	_	NP	_	_	_	_	baseForms=Atapay
2	fücha	fücha	_	AJ	_	_	_	_	baseForms=fücha
3	məlei	mülen	_	V	ind3	_	_	_	baseForms=müle|iy
4	ñi	ñi	_	PP	3	_	_	_	baseForms=ñi
5	utrul	wütrul	_	N	_	_	_	_	baseForms=wütrul
6	-	-	PUNCT	PUNCT	_	_	_	_	_
7	-	-	PUNCT	PUNCT	_	_	_	_	_
8	-	-	PUNCT	PUNCT	_	_	_	_	_
9	plata	plata	_	N	_	_	_	_	baseForms=plata
10	meu	mew	_	P	P	_	_	_	baseForms=mew
11	.	.	PUNCT	PUNCT	_	_	_	_	_

1	Fei	fey	_	D	D	_	_	_	baseForms=fey
2	meu	mew	_	P	P	_	_	_	baseForms=mew
3	kom	kom	_	AV	_	_	_	_	baseForms=kom
4	antü	antü	_	N	_	_	_	_	baseForms=antü
5	palingn	palin	_	V	ind3p	_	_	_	baseForms=pali|ingün
6	.	.	PUNCT	PUNCT	_	_	_	_	_
7	Pepueyeu	pepun	_	V	trloc|indinv3-3	_	_	_	baseForms=pe|pu|eyew
8	pali	pali	_	N	_	_	_	_	baseForms=pali
9	,	,	PUNCT	PUNCT	_	_	_	_	_
10	wepəmnentuniei	wepümün	_	V	cause|ind3	_	_	_	baseForms=wef|üm|nentu|nie|iy
11	Pishmaiwile	pishmaiwile	_	NP	_	_	_	_	baseForms=pishmaiwile
12	.	.	PUNCT	PUNCT	_	_	_	_	_

1	“	“	PUNCT	PUNCT	_	_	_	_	_
2	Longkótupe	longkotun	_	V	imp3s	_	_	_	baseForms=None|pe
3	ta	ta	_	DA	DA	_	_	_	baseForms=ta
4	wedañma	wedañma	_	N	appl	_	_	_	baseForms=weda|(üñ)ma
5	ká	ka	_	C	particle	_	_	_	baseForms=ka
6	,	,	PUNCT	PUNCT	_	_	_	_	_
7	pu	pu	_	PL	particle	_	_	_	baseForms=pu
8	wen	wen'üy	_	N	_	_	_	_	baseForms=wen'üy
9	”	”	PUNCT	PUNCT	_	_	_	_	_
10	,	,	PUNCT	PUNCT	_	_	_	_	_
11	pí	pin	_	V	ind3	_	_	_	baseForms=pi|iy
12	Chiukü	chiukü	_	NP	_	_	_	_	baseForms=chiukü
13	.	.	PUNCT	PUNCT	_	_	_	_	_
14	"	"	PUNCT	PUNCT	_	_	_	_	_
15	Iñche	iñche	_	PN	1s	_	_	_	baseForms=iñche
16	longkotupuafiñ	longkotun	_	V	trloc|fut|dir3|ind1s	_	_	_	baseForms=None|pu|a|fi|n
17	”	”	PUNCT	PUNCT	_	_	_	_	_
18	,	,	PUNCT	PUNCT	_	_	_	_	_
19	pí	pin	_	V	ind3	_	_	_	baseForms=pi|iy
20	chi	chi	_	DA	DA	_	_	_	baseForms=chi
21	nüwa	nüwa	_	AJ	_	_	_	_	baseForms=
22	Chiukü	chiukü	_	NP	_	_	_	_	baseForms=chiukü
23	;	;	PUNCT	PUNCT	_	_	_	_	_
24	kontupufí	konün	_	V	rest|trloc|dir3|ind3	_	_	_	baseForms=kon|tu|pu|fi|iy
25	Pishmaiwile	pishmaiwile	_	NP	_	_	_	_	baseForms=pishmaiwile
26	,	,	PUNCT	PUNCT	_	_	_	_	_
27	welu	welu	_	AV	_	_	_	_	baseForms=welu
28	ka	ka	_	AV	_	_	_	_	baseForms=ka
29	trəpulkaeyeu	trüpulün	_	V	cause|cont|indinv3-3	_	_	_	baseForms=trüpu|(ü)l|ka|eyew
30	Pishmaiwile	pishmaiwile	_	NP	_	_	_	_	baseForms=pishmaiwile
31	.	.	PUNCT	PUNCT	_	_	_	_	_

1	Fei	fey	_	D	D	_	_	_	baseForms=fey
2	meu	mew	_	P	P	_	_	_	baseForms=mew
3	Chiukü	chiukü	_	NP	_	_	_	_	baseForms=chiukü
4	nüupui	nün	_	V	reflex|trloc|ind3	_	_	_	baseForms=nü|(u)w|pu|iy
5	longko	longko	_	N	_	_	_	_	baseForms=longko
6	meu	mew	_	P	P	_	_	_	baseForms=mew
7	,	,	PUNCT	PUNCT	_	_	_	_	_
8	pəltrüwi	pültrün	_	V	ind3	_	_	_	baseForms=pültrü|(u)w|iy
9	ñi	ñi	_	PP	3	_	_	_	baseForms=ñi
10	longkotun	longkotun	_	N	vb|nmlz	_	_	_	baseForms=longko|tu|(ü)n
11	.	.	PUNCT	PUNCT	_	_	_	_	_
12	Pishmaiwile	pishmaiwile	_	NP	_	_	_	_	baseForms=pishmaiwile
13	duamkəlelai	duamimi	_	V	prog|neg|ind3	_	_	_	baseForms=duam|(kü)le|la|iy
14	,	,	PUNCT	PUNCT	_	_	_	_	_
15	fei	fey	_	D	D	_	_	_	baseForms=fey
16	ka	ka	_	AV	_	_	_	_	baseForms=ka
17	trəpukai	trüpun	_	V	cont|ind3	_	_	_	baseForms=trüpu|ka|iy
18	pali	pali	_	N	_	_	_	_	baseForms=pali
19	.	.	PUNCT	PUNCT	_	_	_	_	_

1	ká	ka	_	AV	_	_	_	_	baseForms=ka
2	nüutui	nün	_	V	reflex|rest|ind3	_	_	_	baseForms=nü|(u)w|tu|iy
3	longko	longko	_	N	_	_	_	_	baseForms=longko
4	meu	mew	_	P	P	_	_	_	baseForms=mew
5	Chiukü	chiukü	_	NP	_	_	_	_	baseForms=chiukü
6	.	.	PUNCT	PUNCT	_	_	_	_	_
7	Pishmaiwile	pishmaiwile	_	NP	_	_	_	_	baseForms=pishmaiwile
8	nüeyeu	nün	_	V	indinv3-3	_	_	_	baseForms=nü|eyew
9	ka	ka	_	C	particle	_	_	_	baseForms=ka
10	ütrəfpuwəleyeu	ütrüfün	_	V	trloc|indinv3-3	_	_	_	baseForms=ütrüf|pu|None|eyew
11	Atapay	atapay	_	NP	_	_	_	_	baseForms=Atapay
12	fücha	fücha	_	AJ	_	_	_	_	baseForms=fücha
13	ñi	ñi	_	PP	3	_	_	_	baseForms=ñi
14	rangiñtu	rangiñtu	_	AV	avlz	_	_	_	baseForms=rangiñ|tu
15	chang	chang	_	N	_	_	_	_	baseForms=chang
16	meu	mew	_	P	P	_	_	_	baseForms=mew
17	.	.	PUNCT	PUNCT	_	_	_	_	_
18	Fei	fey	_	D	D	_	_	_	baseForms=fey
19	meu	mew	_	P	P	_	_	_	baseForms=mew
20	:	:	PUNCT	PUNCT	_	_	_	_	_
21	“	“	PUNCT	PUNCT	_	_	_	_	_
22	¡	¡	PUNCT	PUNCT	_	_	_	_	_
23	Ananai	ananai	_	IJ	_	_	_	_	baseForms=ananai
24	ká	ka	_	AV	_	_	_	_	baseForms=ka
25	!	!	PUNCT	PUNCT	_	_	_	_	_
26	,	,	PUNCT	PUNCT	_	_	_	_	_
27	Chiukü	chiukü	_	NP	_	_	_	_	baseForms=chiukü
28	,	,	PUNCT	PUNCT	_	_	_	_	_
29	epe	epe	_	AV	_	_	_	_	baseForms=epe
30	treifuñmafen	treyfün	_	V	appl|ind2s-1s	_	_	_	baseForms=treyf|(üñ)ma|fu|en
31	ñi	ñi	_	PP	3	_	_	_	baseForms=ñi
32	weshakelu	weshakelu	_	N	p|svn	_	_	_	baseForms=weda|ke|lu
33	”	”	PUNCT	PUNCT	_	_	_	_	_
34	,	,	PUNCT	PUNCT	_	_	_	_	_
35	pí	pin	_	V	ind3	_	_	_	baseForms=pi|iy
36	Atapay	atapay	_	NP	_	_	_	_	baseForms=Atapay
37	fücha	fücha	_	AJ	_	_	_	_	baseForms=fücha
38	.	.	PUNCT	PUNCT	_	_	_	_	_

1	Fei	fey	_	D	D	_	_	_	baseForms=fey
2	wəla	wüla	_	AV	_	_	_	_	baseForms=wüla
3	,	,	PUNCT	PUNCT	_	_	_	_	_
4	kiñewelu	kiñewelu	_	N	temp|svn	_	_	_	baseForms=kiñe|we|lu
5	meu	mew	_	P	P	_	_	_	baseForms=mew
6	,	,	PUNCT	PUNCT	_	_	_	_	_
7	ká	ka	_	AV	_	_	_	_	baseForms=ka
8	!	!	PUNCT	PUNCT	_	_	_	_	_
9	,	,	PUNCT	PUNCT	_	_	_	_	_
10	wepəmi	wepümün	_	V	cause|ind3	_	_	_	baseForms=wef|üm|iy
11	Pishmaiwile	pishmaiwile	_	NP	_	_	_	_	baseForms=pishmaiwile
12	:	:	PUNCT	PUNCT	_	_	_	_	_
13	ülmewi	ülün	_	V	ind3	_	_	_	baseForms=ül|me|iy
14	.	.	PUNCT	PUNCT	_	_	_	_	_

1	Fei	fey	_	D	D	_	_	_	baseForms=fey
2	pí	pin	_	V	ind3	_	_	_	baseForms=pi|iy
3	:	:	PUNCT	PUNCT	_	_	_	_	_
4	“	“	PUNCT	PUNCT	_	_	_	_	_
5	Kuifi	kuyfi	_	AV	_	_	_	_	baseForms=kuyfi
6	nga	nga	_	EP	particle	_	_	_	baseForms=nga
7	yefeneu	yen	_	V	bi|ind3-1s	_	_	_	baseForms=ye|fu|enew
8	Konatraru	kon'atraru	_	NP	_	_	_	_	baseForms=kon'a|traru
9	afn-mapu	afün-mapu	_	CN	_	_	_	_	baseForms=afn|mapu
10	ñi	ñi	_	PP	3	_	_	_	baseForms=ñi
11	langəmmeaeteu	langümün	_	V	cause|and|fut|invNF3	_	_	_	baseForms=l'a|üm|me|a|etew
12	;	;	PUNCT	PUNCT	_	_	_	_	_
13	welu	welu	_	AV	_	_	_	_	baseForms=welu
14	mongen	mongen	_	V	ind1s	_	_	_	baseForms=monge|(ü)n
15	.	.	PUNCT	PUNCT	_	_	_	_	_
16	Pali	pali	_	N	_	_	_	_	baseForms=pali
17	yeñmafiñ	yen	_	V	appl|dir3|ind1s	_	_	_	baseForms=ye|(üñ)ma|fi|(ü)n
18	ñi	ñi	_	PP	3	_	_	_	baseForms=ñi
19	ngé	nge	_	N	_	_	_	_	baseForms=nge
20	,	,	PUNCT	PUNCT	_	_	_	_	_
21	wəño	wüño	_	N	_	_	_	_	baseForms=wüño
22	yeñmafiñ	yen	_	V	appl|dir3|ind1s	_	_	_	baseForms=ye|(üñ)ma|fi|(ü)n
23	ñi	ñi	_	PP	3	_	_	_	baseForms=ñi
24	məpü	müpü	_	N	_	_	_	_	baseForms=müpü
25	nga	nga	_	EP	particle	_	_	_	baseForms=nga
26	Konatraru	kon'atraru	_	NP	_	_	_	_	baseForms=kon'a|traru
27	.	.	PUNCT	PUNCT	_	_	_	_	_
28	mongei	mongen	_	V	ind3	_	_	_	baseForms=monge|iy
29	Pishmaiwile	pishmaiwile	_	NP	_	_	_	_	baseForms=pishmaiwile
30	,	,	PUNCT	PUNCT	_	_	_	_	_
31	¡	¡	PUNCT	PUNCT	_	_	_	_	_
32	ah	ah	_	IJ	particle	_	_	_	baseForms=ah
33	,	,	PUNCT	PUNCT	_	_	_	_	_
34	pu	pu	_	PL	particle	_	_	_	baseForms=pu
35	wen	wen'üy	_	N	_	_	_	_	baseForms=wen'üy
36	!	!	PUNCT	PUNCT	_	_	_	_	_
37	"	"	PUNCT	PUNCT	_	_	_	_	_
38	,	,	PUNCT	PUNCT	_	_	_	_	_
39	pí	pin	_	V	ind3	_	_	_	baseForms=pi|iy
40	.	.	PUNCT	PUNCT	_	_	_	_	_

1	Fei	fey	_	D	D	_	_	_	baseForms=fey
2	weuí	wewün	_	V	ind3	_	_	_	baseForms=wew|iy
3	ñi	ñi	_	PP	3	_	_	_	baseForms=ñi
4	palin	palin	_	N	nmlz	_	_	_	baseForms=pali|(ü)n
5	,	,	PUNCT	PUNCT	_	_	_	_	_
6	fei	fey	_	D	D	_	_	_	baseForms=fey
7	meu	mew	_	P	P	_	_	_	baseForms=mew
8	,	,	PUNCT	PUNCT	_	_	_	_	_
9	ngənelkəleumangei	ngünelün	_	V	prog|reflex|tr|pass|ind3	_	_	_	baseForms=ngünel|(kü)le|(u)w|(ñ)ma|nge|iy
10	Atapay	atapay	_	NP	_	_	_	_	baseForms=Atapay
11	fücha	fücha	_	AJ	_	_	_	_	baseForms=fücha
12	.	.	PUNCT	PUNCT	_	_	_	_	_

1	Wəlá	wüla	_	AV	_	_	_	_	baseForms=wüla
2	rüngkükənowi	rüngkün	_	V	ind3	_	_	_	baseForms=rüngkü|künu|iy
3	,	,	PUNCT	PUNCT	_	_	_	_	_
4	lef	lef	_	AV	_	_	_	_	baseForms=lef
5	amui	amun	_	V	ind3	_	_	_	baseForms=amu|iy
6	leufü	l'ewfü	_	N	_	_	_	_	baseForms=l'ewfü
7	meu	mew	_	P	P	_	_	_	baseForms=mew
8	,	,	PUNCT	PUNCT	_	_	_	_	_
9	felen	felen	_	V	inf	_	_	_	baseForms=fele|(ü)n
10	ütrəftuupui	ütrüfün	_	V	tr|reflex|trloc|ind3	_	_	_	baseForms=ütrüf|tu|(u)w|pu|iy
11	leufü	l'ewfü	_	N	_	_	_	_	baseForms=l'ewfü
12	meu	mew	_	P	P	_	_	_	baseForms=mew
13	.	.	PUNCT	PUNCT	_	_	_	_	_
14	Femngechi	femngechi	_	AV	_	_	_	_	baseForms=femngechi
15	lai	l'an	_	V	ind3	_	_	_	baseForms=l'a|iy
16	Atapay	atapay	_	NP	_	_	_	_	baseForms=Atapay
17	fücha	fücha	_	AJ	_	_	_	_	baseForms=fücha
18	.	.	PUNCT	PUNCT	_	_	_	_	_

1	Pishmaiwile	pishmaiwile	_	NP	_	_	_	_	baseForms=pishmaiwile
2	ngen·	ngen'	_	N	_	_	_	_	baseForms=ngen'
3	ngei	ngen	_	V	_	_	_	_	baseForms=nge|None
4	kom	kom	_	AV	_	_	_	_	baseForms=kom
5	weshakelu	weshakelu	_	N	p|svn	_	_	_	baseForms=weda|ke|lu
6	”	”	PUNCT	PUNCT	_	_	_	_	_
7	meu	mew	_	P	P	_	_	_	baseForms=mew
8	ka	ka	_	C	particle	_	_	_	baseForms=ka
9	rangiñ	rangiñ	_	AJ	_	_	_	_	baseForms=rangiñ
10	wədami	wüdamün	_	V	cause|ind3	_	_	_	baseForms=wüda|(ü)m|iy
11	wewel	wewel	_	N	_	_	_	_	baseForms=wew|el
12	plata	plata	_	N	_	_	_	_	baseForms=plata
13	Konküimawile	konküimawile	_	NP	_	_	_	_	baseForms=konkïmawile
14	,	,	PUNCT	PUNCT	_	_	_	_	_
15	Fücháñamko	füchá-ñamku	_	NP	_	_	_	_	baseForms=fücha|ñamku
16	,	,	PUNCT	PUNCT	_	_	_	_	_
17	Pichiñamku	pichi-ñamco	_	NP	_	_	_	_	baseForms=pichi|ñamku
18	engun	engun	_	PC	3p	_	_	_	baseForms=engun
19	,	,	PUNCT	PUNCT	_	_	_	_	_
20	ká	ka	_	AV	_	_	_	_	baseForms=ka
21	!	!	PUNCT	PUNCT	_	_	_	_	_
22	,	,	PUNCT	PUNCT	_	_	_	_	_
23	kureyetui	kureyen	_	V	rest|ind3	_	_	_	baseForms=kure|ye|tu|iy
24	ñi	ñi	_	PP	3	_	_	_	baseForms=ñi
25	kure	kure	_	N	_	_	_	_	baseForms=kure
26	.	.	PUNCT	PUNCT	_	_	_	_	_
27	Hasta	hasta	_	P	_	_	_	_	baseForms=hasta,wordLang=spa
28	fachantü	fachantü	_	AV	_	_	_	_	baseForms=fachantü
29	felei	felen	_	V	ind3	_	_	_	baseForms=fele|iy
30	.	.	PUNCT	PUNCT	_	_	_	_	_

